candidate,parent,sample,ranking_score,iptm,ptm,A_B_iptm,A_RAP_iptm,B_RAP_iptm,fraction_disordered,AF3_has_clash,FRB_RMSD,FRB_dRMSD,BinderFold,TargetPose,RAPpose,A_RAP_min_dist,RAP_contact_res_count,FRB_contact_res_count,bridge_count,O3_dist,O8_dist,B25_dist,B88_dist,FRB_interface_Jaccard,RAP_atom_interface_Jaccard,intended_FRB_patch_count,intended_FRB_patch,FRB_contact_residues,RFD3_FRB_contact_residues,RAP_contact_atoms,RFD3_RAP_contact_atoms,RAP_SASA_A2,RAP_relative_SASA,RAP_exposed_atom_count,intercomponent_clashes_lt2A,obvious_wrong_FRB_face_decoy
0_model_0_b0_d0,0_model_0,0,0.75,0.74,0.82,0.47,0.36,0.93,0.0,0.0,1.2303225500431727,0.9822794920769374,0.6894443356026838,34.46523168366091,0.4628790915499407,10.324561298185992,0,14,0,20.552641825322603,12.132986029827943,7.1499895104818165,16.33635338746074,0.16666666666666666,0.0,0,,4;23;24;27;28;30;31;39;40;43;44;47;50;54,21;22;23;26;27;30;57,,C1;C2;C26;C30;C31;C39;C40;C41;C42;C43;C48;C49;C51;O10;O11;O12;O13;O2;O3;O8;O9,577.3754067251425,0.5709873861487589,46,0,1
0_model_0_b0_d0,0_model_0,1,0.65,0.63,0.75,0.25,0.2,0.91,0.0,0.0,1.4284209632984144,0.936124906592721,0.7703683689569912,39.88535479816281,0.8211128732600259,9.393091929710899,0,13,0,20.839043788043632,12.07260903864612,8.219230377596189,16.120310108679668,0.3333333333333333,0.0,0,,23;24;26;27;30;31;40;43;46;50;53;54;57,21;22;23;26;27;30;57,,C1;C2;C26;C30;C31;C39;C40;C41;C42;C43;C48;C49;C51;O10;O11;O12;O13;O2;O3;O8;O9,576.3825063669757,0.5766232619277564,46,0,1
0_model_0_b0_d0,0_model_0,2,0.62,0.59,0.73,0.18,0.15,0.91,0.0,0.0,1.4361244354459124,1.051567615270254,0.591496718140571,37.944129250935966,0.5576045111650044,10.748313821246567,0,13,0,22.422476691926786,13.423751301331531,10.257795133458263,16.136931182848862,0.17647058823529413,0.0,0,,23;24;26;27;28;31;34;35;38;39;46;50;54,21;22;23;26;27;30;57,,C1;C2;C26;C30;C31;C39;C40;C41;C42;C43;C48;C49;C51;O10;O11;O12;O13;O2;O3;O8;O9,577.0917209085235,0.5714979646914516,45,0,1
0_model_0_b0_d0,0_model_0,3,0.66,0.63,0.75,0.27,0.21,0.92,0.0,0.0,1.4465335353227569,0.9405136889685514,0.9874754471778053,40.21834291621305,0.5594771983208168,11.868754652447743,0,13,0,24.068220457690675,14.408504363742962,13.108252133675183,16.674380288334557,0.25,0.0,0,,23;24;26;27;30;31;34;40;43;44;46;50;54,21;22;23;26;27;30;57,,C1;C2;C26;C30;C31;C39;C40;C41;C42;C43;C48;C49;C51;O10;O11;O12;O13;O2;O3;O8;O9,578.0659811502793,0.5675139072494323,44,0,1
0_model_0_b0_d0,0_model_0,4,0.7,0.68,0.79,0.37,0.28,0.91,0.0,0.0,1.0154891631314786,0.8730251037194844,1.4993320496336064,30.543806747099346,0.5804806109841291,2.633577984415878,3,14,1,9.318397126115629,2.633577984415878,10.437566622541866,5.238603344403925,0.3125,0.5238095238095238,1,22,11;15;18;19;22;23;24;26;27;30;46;49;50;53,21;22;23;26;27;30;57,C26;C30;C39;C40;C41;C48;C51;O10;O13;O8;O9,C1;C2;C26;C30;C31;C39;C40;C41;C42;C43;C48;C49;C51;O10;O11;O12;O13;O2;O3;O8;O9,469.3225265197791,0.45755617000462395,38,0,0
0_model_0_b1_d0,0_model_0,0,0.57,0.54,0.69,0.12,0.1,0.89,0.0,0.0,2.7914189952924473,1.5634886771184486,0.6652234303816403,41.01171970194227,0.4799976675875669,12.104113846126863,0,14,0,24.670876980764184,14.366538901210689,13.696300631922474,16.45556516805181,0.3125,0.0,1,21,21;23;24;26;27;28;30;34;39;42;43;46;50;54,21;22;23;26;27;30;57,,C1;C2;C26;C30;C31;C39;C40;C41;C42;C43;C48;C49;C51;O10;O11;O12;O13;O2;O3;O8;O9,582.8140795671596,0.5791666430353791,46,0,0
0_model_0_b1_d0,0_model_0,1,0.61,0.58,0.72,0.17,0.15,0.91,0.0,0.0,2.336597235517125,1.7028401039728396,0.7197632030163622,40.645149445283394,0.9028361735853186,11.009148468432969,0,15,0,23.15195443153774,13.677142391596279,11.0073139775333,16.089331776055833,0.15789473684210525,0.0,0,,3;23;24;27;30;31;34;39;40;43;44;46;47;50;54,21;22;23;26;27;30;57,,C1;C2;C26;C30;C31;C39;C40;C41;C42;C43;C48;C49;C51;O10;O11;O12;O13;O2;O3;O8;O9,582.2467079339212,0.5817577873801888,45,0,1
0_model_0_b1_d0,0_model_0,2,0.56,0.53,0.69,0.09,0.07,0.89,0.0,0.0,2.8309875887609786,1.5845246219805296,0.760029594910709,42.215895599257266,0.5823695739265935,6.857564655181896,0,15,0,19.853726325302258,8.638407318481804,14.320910725229734,13.813056070254692,0.4666666666666667,0.0,2,21;22,14;18;19;21;22;23;24;26;27;30;43;46;50;53;57,21;22;23;26;27;30;57,,C1;C2;C26;C30;C31;C39;C40;C41;C42;C43;C48;C49;C51;O10;O11;O12;O13;O2;O3;O8;O9,586.3228720420765,0.5712282404298752,44,0,0
0_model_0_b1_d0,0_model_0,3,0.59,0.57,0.71,0.15,0.13,0.9,0.0,0.0,2.5495514277561,1.7283535116569644,0.9130304347078494,40.37113469390172,0.8065446352686966,11.361156411210965,0,15,0,23.27531185612773,13.694768855296537,11.24182765390041,16.809310783015466,0.2222222222222222,0.0,0,,23;24;26;27;30;31;34;40;41;43;44;46;47;50;54,21;22;23;26;27;30;57,,C1;C2;C26;C30;C31;C39;C40;C41;C42;C43;C48;C49;C51;O10;O11;O12;O13;O2;O3;O8;O9,589.1038098590343,0.5757466248033177,46,0,1
0_model_0_b1_d0,0_model_0,4,0.57,0.54,0.69,0.1,0.07,0.89,0.0,0.0,2.7991751874081863,1.5339453918559987,0.631878327261222,44.70496508444079,0.6462049467923316,11.292032633675834,0,11,0,23.080858064638758,13.441057026885943,12.3030952203094,15.576024460689576,0.5,0.0,2,21;22,18;19;21;22;23;26;27;46;50;54;57,21;22;23;26;27;30;57,,C1;C2;C26;C30;C31;C39;C40;C41;C42;C43;C48;C49;C51;O10;O11;O12;O13;O2;O3;O8;O9,567.1699953498337,0.5615935245922165,44,0,0
0_model_0_b2_d0,0_model_0,0,0.62,0.6,0.7,0.43,0.71,0.66,0.0,0.0,2.5774479374133628,1.5060137289027835,0.58214184172354,34.293294317522886,33.28607155139108,3.233220530678351,3,12,1,4.234831873876457,7.355873707453113,9.96367055858432,12.746740485316234,0.1875,0.07142857142857142,0,,23;24;26;27;28;31;34;35;39;43;46;50,21;22;23;26;27;30;57,C11;C12;C20;C35;C36;C47;C49;C52;O12,C1;C2;C26;C30;C31;C39;C40;C41;C42;C43;C48;C49;C51;O10;O11;O12;O13;O2;O3;O8;O9,477.87446532162613,0.47291900285392025,49,0,0
0_model_0_b2_d0,0_model_0,1,0.54,0.51,0.64,0.33,0.64,0.57,0.0,0.0,2.6890440044514445,1.5406251225478966,0.4849589236413285,36.545659787871045,33.05010590370229,3.1972497556493766,3,10,1,4.560469493374558,6.347906820362126,14.483475722353388,15.407447355094224,0.3076923076923077,0.12,0,,23;24;26;27;30;31;34;39;46;50,21;22;23;26;27;30;57,C11;C12;C36;C43;C47;C49;C51,C1;C2;C26;C30;C31;C39;C40;C41;C42;C43;C48;C49;C51;O10;O11;O12;O13;O2;O3;O8;O9,496.478610497042,0.48936520609551604,46,0,0
0_model_0_b2_d0,0_model_0,2,0.61,0.59,0.69,0.42,0.71,0.66,0.0,0.0,2.6148200918486277,1.5077377008846997,0.5729964063526201,34.751675660077076,33.31774683962086,2.952257610710827,3,12,1,4.113603772849301,7.830809281293983,11.40293878787394,14.924048713402138,0.1875,0.07142857142857142,0,,23;24;26;27;28;31;34;35;39;43;46;50,21;22;23;26;27;30;57,C11;C12;C20;C35;C36;C47;C49;C52;O12,C1;C2;C26;C30;C31;C39;C40;C41;C42;C43;C48;C49;C51;O10;O11;O12;O13;O2;O3;O8;O9,472.98452399643605,0.46570396609402315,49,0,0
0_model_0_b2_d0,0_model_0,3,0.6,0.57,0.68,0.4,0.65,0.66,0.0,0.0,2.6690421774484108,1.5224412992593013,0.6512965846594305,34.56343339712373,32.75391086542351,3.2643140167575786,3,11,1,4.177333719012643,7.795461884968716,13.042044548306068,15.504580645731764,0.2,0.08,0,,23;24;26;27;28;31;34;35;39;46;50,21;22;23;26;27;30;57,C35;C36;C47;C49;C52;O12,C1;C2;C26;C30;C31;C39;C40;C41;C42;C43;C48;C49;C51;O10;O11;O12;O13;O2;O3;O8;O9,479.15105149641226,0.47981885707706134,50,0,0
0_model_0_b2_d0,0_model_0,4,0.63,0.61,0.7,0.43,0.74,0.69,0.0,0.0,2.5951578205831916,1.5081229418443967,0.5183312032649785,34.38321098847146,32.77543818222302,3.375434342421729,3,10,1,3.96144153055425,7.693073118071867,12.535074750475163,15.208720031613444,0.13333333333333333,0.1111111111111111,0,,23;24;27;28;31;34;35;39;46;50,21;22;23;26;27;30;57,C11;C12;C35;C36;C47;C49;C52;O12;O3,C1;C2;C26;C30;C31;C39;C40;C41;C42;C43;C48;C49;C51;O10;O11;O12;O13;O2;O3;O8;O9,409.47120711819906,0.4138676980118768,44,0,0
0_model_0_b3_d0,0_model_0,0,0.44,0.4,0.6,0.27,0.53,0.44,0.0,0.0,2.5665324506719256,1.5154278756605706,2.176554564943715,41.93435885484402,31.093300565374452,3.249429796133471,9,16,3,3.7276901695285773,6.077172451066367,8.972729462097917,16.095594863191607,0.21052631578947367,0.1,0,,23;24;27;30;31;34;35;39;42;45;46;50;52;53;56;57,21;22;23;26;27;30;57,C12;C18;C43;C45;C47;C5;C50;C52;C6;O12;O3;O6,C1;C2;C26;C30;C31;C39;C40;C41;C42;C43;C48;C49;C51;O10;O11;O12;O13;O2;O3;O8;O9,349.41076236564504,0.35526138427522735,48,0,0
0_model_0_b3_d0,0_model_0,1,0.46,0.42,0.62,0.3,0.52,0.45,0.0,0.0,2.53142585971136,1.5062183074603712,2.1049490737986205,41.68825127795885,30.19290088983905,2.1327057931182156,10,16,3,5.979934615027158,3.6028599750753565,9.348295513086864,15.750346059690244,0.2777777777777778,0.4074074074074074,0,,23;24;26;27;30;34;38;39;42;45;46;49;50;53;56;57,21;22;23;26;27;30;57,C12;C13;C36;C38;C39;C40;C41;C43;C46;C49;C50;C51;O10;O12;O13;O8;O9,C1;C2;C26;C30;C31;C39;C40;C41;C42;C43;C48;C49;C51;O10;O11;O12;O13;O2;O3;O8;O9,390.1278451913935,0.3860680541377674,42,0,0
0_model_0_b3_d0,0_model_0,2,0.45,0.41,0.6,0.29,0.52,0.44,0.0,0.0,2.7085522962433193,1.5614044775390088,2.2246303037319537,41.24199139537061,29.400705794761222,2.7692990087746026,11,15,4,6.198762295813577,3.1728550234764907,11.569770049573153,16.41073724730245,0.29411764705882354,0.3448275862068966,0,,23;24;26;27;28;30;34;38;39;42;45;46;49;50;57,21;22;23;26;27;30;57,C12;C13;C18;C20;C36;C40;C41;C42;C43;C47;C49;C50;C51;C52;O10;O12;O13;O8,C1;C2;C26;C30;C31;C39;C40;C41;C42;C43;C48;C49;C51;O10;O11;O12;O13;O2;O3;O8;O9,403.13283450007134,0.40367962122243256,43,1,0
0_model_0_b3_d0,0_model_0,3,0.47,0.43,0.62,0.31,0.54,0.46,0.0,0.0,2.5728449753246054,1.5350647690037844,2.08892203495279,41.479631574514045,29.754169355771978,2.676251669779955,11,15,3,6.597144230650107,3.2874699998631165,9.428188054976417,15.564795726253525,0.29411764705882354,0.1875,0,,23;24;26;27;30;34;38;39;45;46;49;50;53;56;57,21;22;23;26;27;30;57,C12;C13;C16;C20;C26;C38;C45;C46;C47;C49;C50;C51;C52;O10;O12;O7;O8,C1;C2;C26;C30;C31;C39;C40;C41;C42;C43;C48;C49;C51;O10;O11;O12;O13;O2;O3;O8;O9,360.2021854906035,0.3645125329622022,43,0,0
0_model_0_b3_d0,0_model_0,4,0.49,0.45,0.63,0.31,0.53,0.49,0.0,0.0,2.491523129424183,1.478185525470802,2.0296376469393023,41.16774020112458,30.260493197286195,2.8820902137164266,10,13,1,3.978089239823562,6.232969517011935,8.781823557781152,16.210607453146228,0.25,0.14705882352941177,0,,23;24;27;30;31;34;38;42;46;49;50;53;57,21;22;23;26;27;30;57,C12;C13;C16;C24;C43;C44;C45;C47;C48;C49;C5;C50;C52;C6;O12;O3;O4;O6,C1;C2;C26;C30;C31;C39;C40;C41;C42;C43;C48;C49;C51;O10;O11;O12;O13;O2;O3;O8;O9,356.5329099909658,0.359742105675241,42,0,0
0_model_1_b0_d0,0_model_1,0,0.53,0.5,0.61,0.37,0.36,0.64,0.0,0.0,11.14591916223285,6.061675753151939,3.5446030700198707,30.549936613798813,27.472753559044115,3.477926106173045,5,21,4,5.791280601041534,8.046004287843749,8.338618470706043,2.6124942105199005,0.08333333333333333,0.14285714285714285,0,,1;5;6;8;9;12;15;16;19;23;24;32;35;36;40;41;43;44;47;48;51,9;12;13;25;27,C18;C20;C39;C40;C45;C47;C50;C52;O12,C25;C26;C27;C28;C3;C30;C31;C36;C39;C4;C40;C41;C42;C46;C48;C52;O10;O12;O13;O2;O3;O8;O9,337.2754706232359,0.31636586023619123,47,0,0
0_model_1_b0_d0,0_model_1,1,0.51,0.49,0.58,0.36,0.33,0.62,0.0,0.0,11.583714430430755,6.782428709432226,4.0009928103938455,29.8707207028027,27.513340817523112,3.114263315777906,5,17,1,7.289341945607985,5.918175478979988,9.788563020178191,2.5070313121299463,0.15789473684210525,0.03333333333333333,0,,5;9;12;13;15;16;19;24;32;35;36;40;43;44;47;48;51,9;12;13;25;27,C18;C19;C20;C39;C45;C47;C49;C51,C25;C26;C27;C28;C3;C30;C31;C36;C39;C4;C40;C41;C42;C46;C48;C52;O10;O12;O13;O2;O3;O8;O9,342.0608492729388,0.308518291836324,42,0,0
0_model_1_b0_d0,0_model_1,2,0.58,0.57,0.64,0.39,0.35,0.71,0.0,0.0,11.118727151934129,6.7195112541116995,3.8383433316408535,29.045273672147772,28.420894224940305,1.8994446556822862,6,21,2,10.053034218582965,3.078276953102173,10.278883499680305,3.0005536155849644,0.08333333333333333,0.32,2,21;25,5;6;8;12;15;16;19;21;23;24;25;32;35;36;40;43;44;47;48;51;54,9;12;13;25;27,C26;C27;C28;C45;C46;C51;C52;O10;O8;O9,C25;C26;C27;C28;C3;C30;C31;C36;C39;C4;C40;C41;C42;C46;C48;C52;O10;O12;O13;O2;O3;O8;O9,168.68069659115577,0.16444502902417524,30,1,0
0_model_1_b0_d0,0_model_1,3,0.48,0.46,0.54,0.31,0.31,0.61,0.0,0.0,11.23618264806368,6.240715531998677,3.967015188488052,30.504009546505955,28.104624297076708,3.158884296709836,5,20,2,5.016848213769278,8.4463696935429,11.007896847263787,2.517866755807384,0.13636363636363635,0.1,0,,1;5;6;8;9;12;13;15;16;19;23;24;32;35;36;40;43;44;48;51,9;12;13;25;27,C18;C19;C20;C36;C37;C38;C42;C45;C47;C52,C25;C26;C27;C28;C3;C30;C31;C36;C39;C4;C40;C41;C42;C46;C48;C52;O10;O12;O13;O2;O3;O8;O9,315.21845332213707,0.28804558219716353,40,0,0
0_model_1_b0_d0,0_model_1,4,0.55,0.53,0.61,0.41,0.43,0.64,0.0,0.0,12.183522486207107,7.295992765803169,3.569670948186235,29.116990738111124,25.913037901219624,3.073453106849037,4,21,1,6.598997954235172,7.179551935880122,8.830482263160942,2.451641694864892,0.18181818181818182,0.034482758620689655,1,25,2;5;6;8;9;12;13;16;19;23;24;25;32;35;36;39;40;43;47;48;51,9;12;13;25;27,C12;C18;C43;C47;C49;C52;O6,C25;C26;C27;C28;C3;C30;C31;C36;C39;C4;C40;C41;C42;C46;C48;C52;O10;O12;O13;O2;O3;O8;O9,307.973102904918,0.3054915795026128,39,0,0
0_model_1_b1_d0,0_model_1,0,0.77,0.68,0.77,0.45,0.48,0.82,0.14,0.0,2.6823570655288815,1.5652766642191482,7.902411344870142,37.99878956812081,33.16253997712117,3.061847971405503,8,10,2,3.3488841425167277,4.56410812755351,13.457729749107015,13.401750258828136,0.07142857142857142,0.3076923076923077,1,25,16;19;25;32;35;36;39;43;47;50,9;12;13;25;27,C12;C38;C39;C40;C43;C52;O10;O12;O13;O3;O9,C25;C26;C27;C28;C3;C30;C31;C36;C39;C4;C40;C41;C42;C46;C48;C52;O10;O12;O13;O2;O3;O8;O9,316.5136796133345,0.3275721139569372,40,0,0
0_model_1_b1_d0,0_model_1,1,0.71,0.7,0.77,0.45,0.49,0.84,0.0,0.0,2.713384847295287,1.5742797994485762,6.717492985506268,36.89575426956006,33.71626068893008,3.023864084247174,7,11,0,4.920375290564737,7.7495105006703495,15.146284659942186,14.459581563793607,0.0,0.21428571428571427,0,,18;19;32;35;36;39;40;42;43;46;50,9;12;13;25;27,C12;C13;C35;C36;C38;C39;C40;C42;C43;C52;O12,C25;C26;C27;C28;C3;C30;C31;C36;C39;C4;C40;C41;C42;C46;C48;C52;O10;O12;O13;O2;O3;O8;O9,384.0658803669042,0.3927250816598034,40,0,0
0_model_1_b1_d0,0_model_1,2,0.68,0.66,0.75,0.43,0.43,0.8,0.0,0.0,2.7525327581265713,1.6202857680276874,6.283454964649813,37.453309243062115,34.010154371710364,2.700199437078676,7,13,1,4.846141042107626,4.319931249452935,13.797023628304768,14.799648678262603,0.058823529411764705,0.3103448275862069,2,22;25,16;19;20;22;25;35;36;39;40;42;43;47;50,9;12;13;25;27,C11;C12;C13;C36;C38;C39;C40;C41;C42;C43;C51;C52;O12;O13;O9,C25;C26;C27;C28;C3;C30;C31;C36;C39;C4;C40;C41;C42;C46;C48;C52;O10;O12;O13;O2;O3;O8;O9,404.6185460258315,0.4047724592905544,40,0,0
0_model_1_b1_d0,0_model_1,3,0.72,0.69,0.77,0.46,0.5,0.83,0.03,0.0,2.627804880500302,1.5464306972984834,7.579129649397978,37.38424638901702,32.98408793502334,2.3574785258831104,8,11,2,3.0025557446948428,4.818407724549677,13.394275904280901,13.861756526501251,0.0,0.3225806451612903,1,22,16;19;22;32;35;36;39;43;46;47;50,9;12;13;25;27,C1;C12;C2;C38;C39;C40;C42;C43;C49;C51;C52;O1;O10;O12;O13;O2;O3;O9,C25;C26;C27;C28;C3;C30;C31;C36;C39;C4;C40;C41;C42;C46;C48;C52;O10;O12;O13;O2;O3;O8;O9,310.772680838287,0.31494360267399446,36,0,0
0_model_1_b1_d0,0_model_1,4,0.73,0.7,0.77,0.48,0.5,0.82,0.03,0.0,2.7312787675210433,1.5684763263881036,7.605326359751369,37.167719667419576,33.14856139729637,2.791547957675097,5,13,1,3.592484516320145,5.647048166962984,13.304032884806018,13.386713188830184,0.058823529411764705,0.32,2,22;25,16;19;22;25;32;35;36;39;40;43;46;47;50,9;12;13;25;27,C38;C39;C40;C41;C51;C52;O12;O13;O3;O9,C25;C26;C27;C28;C3;C30;C31;C36;C39;C4;C40;C41;C42;C46;C48;C52;O10;O12;O13;O2;O3;O8;O9,377.6529472831313,0.3779108988016436,45,0,0
0_model_1_b2_d0,0_model_1,0,0.66,0.64,0.74,0.41,0.38,0.78,0.0,0.0,2.737904671571434,1.5749471368026922,6.5883689929180695,35.763318624480306,33.889210165001614,2.89962928665028,4,13,1,5.607233185805632,4.364343822386133,15.908773302803707,12.847678934344522,0.058823529411764705,0.12,2,22;25,16;19;22;25;32;35;36;39;42;43;46;47;50,9;12;13;25;27,C36;C47;C51;C52;O9,C25;C26;C27;C28;C3;C30;C31;C36;C39;C4;C40;C41;C42;C46;C48;C52;O10;O12;O13;O2;O3;O8;O9,468.02730022858157,0.46513795172353145,47,0,0
0_model_1_b2_d0,0_model_1,1,0.64,0.62,0.73,0.35,0.34,0.78,0.01,0.0,2.7113560304076962,1.5573173294088594,6.527255873458119,36.402191187779884,34.04266131580605,3.3099072494557915,4,11,1,5.8635652976666,5.210070632918522,16.353271752160175,12.919165027198932,0.06666666666666667,0.07407407407407407,1,25,16;19;25;32;35;36;39;42;43;46;47,9;12;13;25;27,C38;C47;C49;C51;C52;O9,C25;C26;C27;C28;C3;C30;C31;C36;C39;C4;C40;C41;C42;C46;C48;C52;O10;O12;O13;O2;O3;O8;O9,436.8809747022392,0.4280042559272795,46,0,0
0_model_1_b2_d0,0_model_1,2,0.64,0.62,0.73,0.35,0.32,0.78,0.0,0.0,2.7338916553382413,1.5916596742596998,5.459041522948848,36.68812196934741,33.814479278935615,3.388642648613159,6,12,1,3.616852913791215,4.9127919760559795,16.681569710312036,14.128826773656757,0.0625,0.16666666666666666,2,22;25,16;19;20;22;25;35;36;39;42;43;46;47,9;12;13;25;27,C11;C36;C37;C38;C42;C43;C47;C49;C51;C52;O3;O9,C25;C26;C27;C28;C3;C30;C31;C36;C39;C4;C40;C41;C42;C46;C48;C52;O10;O12;O13;O2;O3;O8;O9,392.9760654510156,0.3936135431811199,43,0,0
0_model_1_b2_d0,0_model_1,3,0.64,0.62,0.73,0.37,0.31,0.77,0.0,0.0,2.7036460866536856,1.561392372228389,6.131648740688537,35.942949401711054,34.20006756336173,3.2499447687614635,4,13,0,6.040657000691233,4.889258737272963,15.748817003191064,12.48028401119141,0.058823529411764705,0.14814814814814814,3,21;22;25,19;21;22;25;32;35;36;40;42;43;46;47;50,9;12;13;25;27,C36;C38;C47;C49;C51;C52;O12;O9,C25;C26;C27;C28;C3;C30;C31;C36;C39;C4;C40;C41;C42;C46;C48;C52;O10;O12;O13;O2;O3;O8;O9,437.71339203568544,0.4404638455945737,44,0,0
0_model_1_b2_d0,0_model_1,4,0.65,0.63,0.73,0.38,0.33,0.78,0.0,0.0,2.712900758189394,1.5314822591958417,6.101627423887479,35.847352130518765,33.99514012312031,3.0076437621500327,3,13,1,5.987961088717928,4.864713968981115,15.952367347826465,12.479951322020451,0.058823529411764705,0.15384615384615385,2,22;25,16;19;22;25;32;35;36;40;42;43;46;47;50,9;12;13;25;27,C36;C38;C47;C51;C52;O12;O9,C25;C26;C27;C28;C3;C30;C31;C36;C39;C4;C40;C41;C42;C46;C48;C52;O10;O12;O13;O2;O3;O8;O9,472.5103529452542,0.4699821345727473,50,0,0
0_model_1_b3_d0,0_model_1,0,0.66,0.64,0.74,0.43,0.46,0.73,0.0,0.0,2.6794306509341297,1.5742525052416578,5.48277728258539,36.727057327652766,34.056898523353205,2.561109329958408,6,12,2,2.561109329958408,7.521649353698961,15.658721403741751,13.261536637961681,0.0625,0.0625,2,21;25,21;24;25;32;35;36;39;42;43;46;47;50,9;12;13;25;27,C13;C22;C38;C43;C45;C49;C52;C8;C9;O3;O4,C25;C26;C27;C28;C3;C30;C31;C36;C39;C4;C40;C41;C42;C46;C48;C52;O10;O12;O13;O2;O3;O8;O9,339.5076769233666,0.34049379411037417,40,0,0
0_model_1_b3_d0,0_model_1,1,0.63,0.6,0.72,0.35,0.41,0.76,0.0,0.0,2.729124713825498,1.603070571406907,6.064912136015525,37.741349557713164,34.28216688547323,3.3958666051539774,6,10,1,3.402895384815702,6.574769425614864,16.79791591239818,12.754068723352558,0.0,0.06896551724137931,0,,16;19;24;32;35;36;39;43;46;47,9;12;13;25;27,C12;C13;C43;C45;C49;C51;C52;O3,C25;C26;C27;C28;C3;C30;C31;C36;C39;C4;C40;C41;C42;C46;C48;C52;O10;O12;O13;O2;O3;O8;O9,352.33354309091226,0.36228517183695713,47,0,0
0_model_1_b3_d0,0_model_1,2,0.55,0.52,0.66,0.34,0.37,0.6,0.0,0.0,2.7666850977070414,1.6175672812597208,4.655436817745303,37.31864182676718,34.652125471460735,3.517576580545192,9,9,1,4.726589256535837,5.763535286610121,16.50782002567268,14.245601040321183,0.0,0.06451612903225806,0,,16;19;24;32;35;36;39;43;46,9;12;13;25;27,C12;C13;C22;C36;C43;C47;C49;C50;C51;C52,C25;C26;C27;C28;C3;C30;C31;C36;C39;C4;C40;C41;C42;C46;C48;C52;O10;O12;O13;O2;O3;O8;O9,382.3637654671893,0.3860672145980639,45,0,0
0_model_1_b3_d0,0_model_1,3,0.64,0.62,0.73,0.44,0.51,0.7,0.01,0.0,2.8971759214845227,1.6521856869440097,3.745582102630605,39.472769436976144,34.691869168471335,3.5500480278441304,3,17,1,11.145990355280233,5.885525125254328,6.436899641908362,13.5037638086572,0.15789473684210525,0.07407407407407407,1,25,1;4;5;8;9;12;16;24;25;32;35;36;39;40;43;46;50,9;12;13;25;27,C20;C38;C47;C51;C52;O12,C25;C26;C27;C28;C3;C30;C31;C36;C39;C4;C40;C41;C42;C46;C48;C52;O10;O12;O13;O2;O3;O8;O9,522.0144180632159,0.5189477049527115,44,0,0
0_model_1_b3_d0,0_model_1,4,0.55,0.52,0.66,0.3,0.35,0.64,0.0,0.0,2.6950289424949423,1.5604331434253433,4.630978544772233,37.0784726954517,34.03068475359938,3.358336195201428,5,10,1,5.439009652501087,5.914530327929683,15.973268262944814,12.576741867431327,0.0,0.03571428571428571,1,21,16;19;21;35;36;39;40;43;46;47,9;12;13;25;27,C36;C38;C45;C49;C50;C51,C25;C26;C27;C28;C3;C30;C31;C36;C39;C4;C40;C41;C42;C46;C48;C52;O10;O12;O13;O2;O3;O8;O9,424.42471691038844,0.42152306001285594,45,1,0
0_model_6_b0_d0,0_model_6,0,0.48,0.46,0.57,0.21,0.72,0.37,0.0,0.0,2.6675815233659623,1.5335298251680827,1.0394980917024925,17.17426429341944,11.12298699931869,3.4229498973838344,10,7,1,6.916240958786789,3.89991910172506,2.5174066020410764,3.659802453685171,0.18181818181818182,0.027777777777777776,0,,2;5;38;39;40;45;56,2;6;45;48;49;52,C15;C17;C18;C19;C21;C22;C23;C24;C44;C45;C46;C47;C50;C51;C52;O12;O7;O8,C12;C2;C3;C35;C4;C40;C41;C42;C43;C48;C49;C8;O10;O11;O12;O13;O2;O3;O4,236.14697478564975,0.2418875690950273,34,0,0
0_model_6_b0_d0,0_model_6,1,0.6,0.58,0.67,0.37,0.79,0.58,0.0,0.0,2.7190977121572812,1.5257200725838511,1.254636940099409,15.503560058880533,10.96861109858531,3.3874103678178704,10,6,2,6.776794374923885,4.12464992453905,2.654374879326581,3.0730294499076964,0.09090909090909091,0.027777777777777776,0,,1;2;5;39;40;56,2;6;45;48;49;52,C14;C15;C17;C18;C19;C21;C22;C23;C24;C44;C45;C46;C47;C49;C50;C52;O5;O7,C12;C2;C3;C35;C4;C40;C41;C42;C43;C48;C49;C8;O10;O11;O12;O13;O2;O3;O4,170.40145160728198,0.17404471430365273,28,0,0
0_model_6_b0_d0,0_model_6,2,0.6,0.59,0.68,0.38,0.78,0.61,0.0,0.0,2.7702402125170997,1.5319164226216182,1.0822178730327732,15.819283733934608,11.001541028492236,3.2551764929109455,10,5,2,6.4870342222004655,4.279114628050995,2.342228212621477,3.150923832783014,0.1,0.027777777777777776,0,,2;5;38;39;56,2;6;45;48;49;52,C15;C17;C18;C19;C21;C22;C23;C24;C27;C44;C45;C46;C47;C49;C50;C51;C52;O7,C12;C2;C3;C35;C4;C40;C41;C42;C43;C48;C49;C8;O10;O11;O12;O13;O2;O3;O4,185.05263546644096,0.18777563355537916,27,0,0
0_model_6_b0_d0,0_model_6,3,0.43,0.4,0.54,0.13,0.69,0.22,0.0,0.0,2.7440085084840273,1.5810200665642304,0.5363490864909523,46.76133369995794,30.98407723209716,3.231924194655561,10,5,2,7.725207764196378,5.360161005044532,16.154076080048654,16.670110977435034,0.375,0.08823529411764706,0,,2;41;45;49;56,2;6;45;48;49;52,C12;C13;C18;C19;C20;C21;C23;C24;C36;C38;C44;C45;C46;C47;C48;C50;C52;O12,C12;C2;C3;C35;C4;C40;C41;C42;C43;C48;C49;C8;O10;O11;O12;O13;O2;O3;O4,229.0621073931516,0.2322075252141879,33,0,0
0_model_6_b0_d0,0_model_6,4,0.48,0.46,0.58,0.16,0.8,0.3,0.0,0.0,2.503851774717221,1.4920478860294422,0.647974144330665,48.33842280778051,30.210403037483914,3.495812351943394,8,8,1,5.852395919621297,5.372924901764402,16.92341434226557,15.178013638154368,0.07692307692307693,0.06666666666666667,0,,1;2;3;5;38;39;40;41,2;6;45;48;49;52,C12;C13;C18;C19;C22;C23;C24;C44;C45;C46;C49;C50;C52,C12;C2;C3;C35;C4;C40;C41;C42;C43;C48;C49;C8;O10;O11;O12;O13;O2;O3;O4,312.8257639972855,0.3102235789011503,41,0,0
0_model_6_b1_d0,0_model_6,0,0.81,0.8,0.85,0.61,0.49,0.93,0.0,0.0,2.7037978093149633,1.5174800649194415,1.024720302466247,40.43329446850808,0.6609274141216869,10.956565246462961,0,16,0,24.032165549529655,12.7277483476065,15.124722344558924,15.386240508974247,0.375,0.0,0,,1;2;5;6;9;10;14;39;40;41;45;48;49;52;53;56,2;6;45;48;49;52,,C12;C2;C3;C35;C4;C40;C41;C42;C43;C48;C49;C8;O10;O11;O12;O13;O2;O3;O4,572.0785767914351,0.5752023111497182,47,0,1
0_model_6_b1_d0,0_model_6,1,0.75,0.73,0.81,0.47,0.37,0.93,0.0,0.0,2.558591748054185,1.4651614082236977,0.9272404420808301,40.72221090095923,0.5487856245776472,10.464019590960252,0,15,0,23.34533743598494,11.932526178475369,15.129928089716751,15.01459423361151,0.23529411764705882,0.0,0,,1;5;6;9;10;13;38;39;40;41;45;48;49;53;56,2;6;45;48;49;52,,C12;C2;C3;C35;C4;C40;C41;C42;C43;C48;C49;C8;O10;O11;O12;O13;O2;O3;O4,586.020546109046,0.5761149873662744,47,0,1
0_model_6_b1_d0,0_model_6,2,0.83,0.82,0.87,0.66,0.53,0.93,0.0,0.0,2.8340838698139694,1.565936534212812,0.6777511029695079,40.8998733879934,0.5378106864535566,9.635309076516434,0,15,0,22.69101568903428,11.59453474702629,14.978318530462621,14.963578281948472,0.4,0.0,0,,1;2;5;6;9;10;14;39;40;41;45;48;49;52;53,2;6;45;48;49;52,,C12;C2;C3;C35;C4;C40;C41;C42;C43;C48;C49;C8;O10;O11;O12;O13;O2;O3;O4,586.8716035589036,0.572316468879064,45,0,1
0_model_6_b1_d0,0_model_6,3,0.79,0.78,0.84,0.55,0.44,0.93,0.0,0.0,2.6965829631640545,1.5154393711948908,0.7078003617821361,40.54742101047484,0.44990725904849843,11.004575684686802,0,17,0,23.144266525426982,13.473688322059404,13.809171843380039,16.484172105386428,0.35294117647058826,0.0,0,,1;2;5;6;9;10;14;39;40;41;45;48;49;52;53;56;57,2;6;45;48;49;52,,C12;C2;C3;C35;C4;C40;C41;C42;C43;C48;C49;C8;O10;O11;O12;O13;O2;O3;O4,585.348611800321,0.5735559191028726,46,0,1
0_model_6_b1_d0,0_model_6,4,0.84,0.83,0.87,0.66,0.53,0.93,0.0,0.0,2.6200582483617465,1.5107284865442818,0.8836533502980853,40.465658178566805,0.5683118677669772,9.291546749599876,0,16,0,22.143656924726773,11.437092506402141,14.255647337108195,14.782421655466333,0.375,0.0,0,,2;5;6;9;10;13;14;39;40;41;45;48;49;52;53;56,2;6;45;48;49;52,,C12;C2;C3;C35;C4;C40;C41;C42;C43;C48;C49;C8;O10;O11;O12;O13;O2;O3;O4,573.6015685500178,0.5631309884807021,47,0,1
0_model_6_b2_d0,0_model_6,0,0.72,0.71,0.79,0.41,0.33,0.93,0.0,0.0,2.611228600653816,1.5291161170604195,0.6889541985512732,39.84512074040317,0.5582211318707216,10.050575157671325,0,19,0,23.037529576758008,10.321713617418379,14.76442816366418,14.928718933652679,0.3157894736842105,0.0,0,,2;3;6;9;10;13;14;17;39;40;41;42;45;48;49;52;53;56;57,2;6;45;48;49;52,,C12;C2;C3;C35;C4;C40;C41;C42;C43;C48;C49;C8;O10;O11;O12;O13;O2;O3;O4,587.2971322838323,0.5858185881334926,45,1,1
0_model_6_b2_d0,0_model_6,1,0.76,0.74,0.82,0.48,0.39,0.93,0.0,0.0,2.602006240732283,1.5111679532739857,1.0983842361135654,41.32065675599767,0.5407603899401486,9.616533419065313,0,13,0,22.80129480972517,11.48500648671998,15.59002071839547,14.767631834522419,0.46153846153846156,0.0,0,,2;5;6;9;14;38;39;41;45;48;49;52;53,2;6;45;48;49;52,,C12;C2;C3;C35;C4;C40;C41;C42;C43;C48;C49;C8;O10;O11;O12;O13;O2;O3;O4,571.0670363168567,0.563268355697182,47,0,1
0_model_6_b2_d0,0_model_6,2,0.74,0.72,0.8,0.45,0.36,0.93,0.0,0.0,2.81528825202722,1.6830134680843807,0.7248989184163481,40.73560226266136,0.5772561452124196,10.321034686503092,0,18,0,22.99867237472633,12.285156083664546,15.206812091954054,14.742245351370327,0.3333333333333333,0.0,0,,2;3;5;6;9;13;14;17;39;40;41;45;48;49;52;53;56;57,2;6;45;48;49;52,,C12;C2;C3;C35;C4;C40;C41;C42;C43;C48;C49;C8;O10;O11;O12;O13;O2;O3;O4,575.9756177584582,0.568348449751262,44,0,1
0_model_6_b2_d0,0_model_6,3,0.79,0.77,0.84,0.54,0.43,0.94,0.0,0.0,3.160973021489551,1.9041814059441138,0.5049000309091574,40.23761196275428,0.8106381774681402,10.148212108544048,0,19,0,23.087196343428104,11.337528919478,15.605479999025983,14.519649513676285,0.3157894736842105,0.0,0,,1;2;3;5;6;9;10;13;14;39;40;41;45;48;49;52;53;56;57,2;6;45;48;49;52,,C12;C2;C3;C35;C4;C40;C41;C42;C43;C48;C49;C8;O10;O11;O12;O13;O2;O3;O4,574.7176717000832,0.5718357417402569,45,0,1
0_model_6_b2_d0,0_model_6,4,0.75,0.74,0.81,0.47,0.38,0.93,0.0,0.0,2.40540757774664,1.454954666852483,0.949964780113865,40.0034117864205,0.5443338841312803,9.308113933552812,0,18,0,22.275121840295284,9.878393239793606,15.124935636226688,14.55571575017869,0.3333333333333333,0.0,0,,2;3;5;6;10;13;14;17;39;40;41;45;48;49;52;53;56;57,2;6;45;48;49;52,,C12;C2;C3;C35;C4;C40;C41;C42;C43;C48;C49;C8;O10;O11;O12;O13;O2;O3;O4,593.2845366426766,0.5698762687164087,47,0,1
0_model_6_b3_d0,0_model_6,0,0.6,0.57,0.7,0.38,0.58,0.66,0.0,0.0,2.6908562018556723,1.5287115513919944,0.5972592697936729,17.19413523442725,10.911761048595745,2.510922937885589,10,8,1,8.148983065389203,3.550414764502874,1.6504029810927996,8.452599008589015,0.07692307692307693,0.05714285714285714,0,,1;5;37;38;39;40;42;45,2;6;45;48;49;52,C12;C13;C17;C18;C19;C20;C21;C22;C23;C26;C45;C46;C47;C50;C51;O12;O8;O9,C12;C2;C3;C35;C4;C40;C41;C42;C43;C48;C49;C8;O10;O11;O12;O13;O2;O3;O4,264.1800343521622,0.26978924111648084,28,1,0
0_model_6_b3_d0,0_model_6,1,0.59,0.56,0.69,0.33,0.51,0.68,0.0,0.0,2.7191027398389096,1.54687373020097,0.663668768490006,14.228652660200037,10.22975020896544,3.1075498386992924,9,2,1,5.509303585753829,4.269093814851109,5.372450558171755,7.540745453865951,0.0,0.2962962962962963,0,,10;56,2;6;45;48;49;52,C19;C20;C21;C22;C23;C3;C4;C44;C46;C48;C50;O10;O11;O13;O2;O4,C12;C2;C3;C35;C4;C40;C41;C42;C43;C48;C49;C8;O10;O11;O12;O13;O2;O3;O4,270.75345046065587,0.26342855137144844,34,0,0
0_model_6_b3_d0,0_model_6,2,0.54,0.51,0.67,0.24,0.16,0.72,0.0,0.0,3.0638852555203244,1.5898922662148742,0.8146221099022523,40.052702500917015,1.1183125145692323,8.317233253913226,0,16,0,21.68061405956944,10.688242371877614,14.931845967595567,15.292627602867991,0.29411764705882354,0.0,0,,2;3;5;6;9;10;38;39;40;41;45;48;49;53;56;57,2;6;45;48;49;52,,C12;C2;C3;C35;C4;C40;C41;C42;C43;C48;C49;C8;O10;O11;O12;O13;O2;O3;O4,587.4389751921418,0.5931398783475299,46,0,1
0_model_6_b3_d0,0_model_6,3,0.56,0.53,0.68,0.3,0.53,0.66,0.0,0.0,1.9704602501076247,1.4337287296560848,0.4853271138398401,18.962073491614245,10.358502579288084,3.255921528538426,7,1,0,7.7779038950092465,4.800799412597864,3.1139425171316186,8.661908507944423,0.0,0.0,0,,3,2;6;45;48;49;52,C22;C23;C24;C44;C45;C47;C50,C12;C2;C3;C35;C4;C40;C41;C42;C43;C48;C49;C8;O10;O11;O12;O13;O2;O3;O4,301.7020127294548,0.29806584365758804,38,0,0
0_model_6_b3_d0,0_model_6,4,0.47,0.43,0.62,0.19,0.1,0.62,0.0,0.0,2.7702024047115614,1.568565152162297,0.9103492528930188,40.26302399416858,8.872579237266725,10.33319185924659,0,15,0,15.863985060507337,22.022472953780646,15.230163393739412,14.99541763339721,0.3125,0.0,0,,2;3;5;6;9;10;38;39;40;41;45;48;49;56;57,2;6;45;48;49;52,,C12;C2;C3;C35;C4;C40;C41;C42;C43;C48;C49;C8;O10;O11;O12;O13;O2;O3;O4,658.6790915617605,0.6518487213424604,55,0,1
1_model_7_b0_d0,1_model_7,0,0.74,0.72,0.79,0.56,0.62,0.8,0.0,0.0,2.573214595001477,1.5237120667373898,1.2428857871106298,37.192691388942414,31.371563162631325,3.1537339773671462,6,8,2,6.817500495049487,5.1797067484559385,13.986278704501782,16.19773258823592,0.0,0.0,0,,1;2;3;29;30;31;32;35,9;12;13;16;43;47;48;51,C19;C20;C21;C44;C45;C46;C48;C5;C50;O7,C1;C11;C12;C13;C2;C3;C39;C40;C41;C42;C43;C51;C52;C8;N7;O10;O12;O13;O2;O3;O9,396.9963092099368,0.3991145971401722,41,0,0
1_model_7_b0_d0,1_model_7,1,0.61,0.59,0.72,0.34,0.43,0.72,0.0,0.0,2.5284109377562216,1.4973925743275882,1.1981702674669954,36.96236346836322,31.781970109650263,2.84807461278668,4,9,0,6.711258823797515,4.233499498051228,15.443211129813644,19.150180390795278,0.13333333333333333,0.0,2,21;22,12;15;16;18;19;20;21;22;37,9;12;13;16;43;47;48;51,C19;C20;C21;C4;C44;C46;C48;C5,C1;C11;C12;C13;C2;C3;C39;C40;C41;C42;C43;C51;C52;C8;N7;O10;O12;O13;O2;O3;O9,415.174925660424,0.401699118519639,41,0,0
1_model_7_b0_d0,1_model_7,2,0.63,0.61,0.73,0.43,0.49,0.69,0.0,0.0,2.631763233276589,1.5628386571265007,0.625768970970218,37.98237347395412,33.20935932176428,3.3383543850226567,7,7,1,7.704191391703609,3.657825856981165,17.6790097290544,16.96592838603299,0.07142857142857142,0.17857142857142858,2,21;22,21;22;24;37;40;44;51,9;12;13;16;43;47;48;51,C30;C4;C44;C46;C5;C51;C52;O10;O13;O7;O8;O9,C1;C11;C12;C13;C2;C3;C39;C40;C41;C42;C43;C51;C52;C8;N7;O10;O12;O13;O2;O3;O9,322.1987580391483,0.32469289205871704,42,0,0
1_model_7_b0_d0,1_model_7,3,0.65,0.63,0.73,0.45,0.51,0.72,0.0,0.0,2.572044945398589,1.5115115943162996,0.6897744950507073,34.95469254510244,31.967893659233887,1.7772926039344217,8,5,2,7.818911049500434,1.7772926039344217,15.706888998143457,16.506853213135443,0.08333333333333333,0.08571428571428572,1,21,21;37;44;45;51,9;12;13;16;43;47;48;51,C17;C18;C21;C22;C23;C24;C25;C26;C27;C45;C46;C50;C52;O10;O7;O8;O9,C1;C11;C12;C13;C2;C3;C39;C40;C41;C42;C43;C51;C52;C8;N7;O10;O12;O13;O2;O3;O9,363.99466378213947,0.3674675683501732,37,1,0
1_model_7_b0_d0,1_model_7,4,0.77,0.76,0.81,0.62,0.63,0.83,0.0,0.0,2.691897729453724,1.5533070069683583,0.8035252823599273,38.12006338564651,30.67896075878811,3.4806545361469015,4,13,1,7.198631883906829,4.282493315814982,18.02797772907433,15.187749471202112,0.23529411764705882,0.2608695652173913,2,21;22,9;12;13;15;18;19;20;21;22;37;40;43;44,9;12;13;16;43;47;48;51,C28;C3;C4;C51;C52;O12;O2;O9,C1;C11;C12;C13;C2;C3;C39;C40;C41;C42;C43;C51;C52;C8;N7;O10;O12;O13;O2;O3;O9,517.7104884876753,0.48842276252321754,43,0,0
1_model_7_b1_d0,1_model_7,0,0.66,0.63,0.74,0.39,0.47,0.75,0.0,0.0,2.554976216762714,1.4997626859445774,0.9621222064698656,41.650720317705705,28.438743540035297,2.992530367431549,7,5,2,7.211051310315299,6.608050014943894,15.633639019754805,19.672479304856317,0.0,0.125,0,,4;28;29;30;31,9;12;13;16;43;47;48;51,C12;C13;C16;C18;C20;C21;C22;C36;C38;C45;C47;C50;C51;C52;O7,C1;C11;C12;C13;C2;C3;C39;C40;C41;C42;C43;C51;C52;C8;N7;O10;O12;O13;O2;O3;O9,371.9305886244951,0.37426768369573366,34,0,0
1_model_7_b1_d0,1_model_7,1,0.64,0.61,0.72,0.44,0.48,0.66,0.0,0.0,2.5605161832509302,1.5189269110191352,0.6299083390195318,36.287830468672,31.782332340551747,3.171915667226983,11,10,3,5.390549600921971,3.171915667226983,13.168871667686643,18.13711920344573,0.058823529411764705,0.28125,2,21;22,16;17;18;19;21;22;23;33;37;44,9;12;13;16;43;47;48;51,C11;C12;C18;C20;C21;C22;C24;C25;C26;C28;C38;C39;C41;C43;C50;C51;C52;O13;O8;O9,C1;C11;C12;C13;C2;C3;C39;C40;C41;C42;C43;C51;C52;C8;N7;O10;O12;O13;O2;O3;O9,258.5063180197791,0.24937176043454515,32,0,0
1_model_7_b1_d0,1_model_7,2,0.56,0.53,0.68,0.31,0.34,0.61,0.0,0.0,2.534701529761764,1.5408526950493482,0.6134531700979513,36.489886702678135,33.84695846529356,3.2890498628023264,10,10,5,6.4546983663065145,3.3338225807622095,14.99420831521291,16.045586309013455,0.058823529411764705,0.2692307692307692,2,21;22,19;20;21;22;24;37;40;41;44;51,9;12;13;16;43;47;48;51,C12;C18;C22;C41;C43;C47;C50;C51;C52;O13;O8;O9,C1;C11;C12;C13;C2;C3;C39;C40;C41;C42;C43;C51;C52;C8;N7;O10;O12;O13;O2;O3;O9,336.4244131733784,0.3287508407146093,44,1,0
1_model_7_b1_d0,1_model_7,3,0.68,0.66,0.76,0.53,0.59,0.67,0.0,0.0,2.536367730677902,1.4970350202753158,0.7526166188822816,35.62693386806708,35.95411705521946,3.0228519646188436,9,7,2,7.812410191483804,3.0228519646188436,16.168770794343025,17.25009327511014,0.07142857142857142,0.058823529411764705,0,,37;41;42;44;45;48;49,9;12;13;16;43;47;48;51,C18;C19;C20;C21;C22;C23;C25;C26;C3;C4;C45;C46;C50;O10;O8,C1;C11;C12;C13;C2;C3;C39;C40;C41;C42;C43;C51;C52;C8;N7;O10;O12;O13;O2;O3;O9,489.9983949706047,0.4878076241873199,47,0,0
1_model_7_b1_d0,1_model_7,4,0.74,0.73,0.8,0.54,0.62,0.8,0.0,0.0,2.536685365291114,1.479971932006322,0.8289528331955333,35.210436038560616,27.977029156692677,2.892368579555517,9,5,1,5.152352860587093,5.347250321426893,14.53774005820712,16.982027941326677,0.08333333333333333,0.32432432432432434,0,,16;17;18;19;37,9;12;13;16;43;47;48;51,C11;C12;C13;C17;C18;C19;C20;C22;C27;C3;C35;C36;C37;C38;C4;C41;C42;C43;C45;C47;C49;C5;C51;C52;C6;N7;O12;O13,C1;C11;C12;C13;C2;C3;C39;C40;C41;C42;C43;C51;C52;C8;N7;O10;O12;O13;O2;O3;O9,221.07026220156206,0.2022040951380499,22,0,0
1_model_7_b2_d0,1_model_7,0,0.65,0.63,0.74,0.23,0.2,0.9,0.01,0.0,2.5629611015663762,1.5013734615674288,1.1040436718722793,38.05165195407063,0.4679184194398101,11.798729084100541,0,12,0,24.742553263557905,14.044334409291173,16.814804607844838,16.36831090858186,0.0,0.0,0,,3;6;7;10;11;14;15;20;24;28;29;30,9;12;13;16;43;47;48;51,,C1;C11;C12;C13;C2;C3;C39;C40;C41;C42;C43;C51;C52;C8;N7;O10;O12;O13;O2;O3;O9,586.0391862254573,0.5763532983301264,45,0,1
1_model_7_b2_d0,1_model_7,1,0.65,0.63,0.74,0.2,0.17,0.91,0.0,0.0,2.6723964894503163,1.540437040978238,0.745949090497246,38.7867008312675,0.4680068468119919,13.961835695924801,0,14,0,27.466601446119977,14.772416491556145,20.955236028257946,18.245539235659766,0.15789473684210525,0.0,2,21;22,19;20;21;22;24;37;40;41;44;45;47;48;49;51,9;12;13;16;43;47;48;51,,C1;C11;C12;C13;C2;C3;C39;C40;C41;C42;C43;C51;C52;C8;N7;O10;O12;O13;O2;O3;O9,585.7555004088382,0.5838677923320883,50,1,0
1_model_7_b2_d0,1_model_7,2,0.66,0.64,0.76,0.24,0.2,0.92,0.0,0.0,2.6101125393206503,1.5167580162779621,1.5365377322924791,38.00129412769706,0.5200893991774119,11.914182389068921,0,12,0,25.138219606805894,13.597004118554942,15.793023206466833,16.902623790406032,0.05263157894736842,0.0,0,,3;7;10;11;13;14;15;18;20;28;29;30,9;12;13;16;43;47;48;51,,C1;C11;C12;C13;C2;C3;C39;C40;C41;C42;C43;C51;C52;C8;N7;O10;O12;O13;O2;O3;O9,575.1432004250121,0.5744867083972748,48,0,1
1_model_7_b2_d0,1_model_7,3,0.7,0.64,0.75,0.26,0.21,0.91,0.07,0.0,2.7103123587300293,1.5654497944907677,1.3022137453450668,39.60539027292278,0.47265019413492715,13.488441904089589,0,12,0,26.691197238040857,15.317978717833498,18.668615428038578,18.027569830678786,0.05263157894736842,0.0,0,,3;6;7;10;13;14;15;20;28;29;30;31,9;12;13;16;43;47;48;51,,C1;C11;C12;C13;C2;C3;C39;C40;C41;C42;C43;C51;C52;C8;N7;O10;O12;O13;O2;O3;O9,566.8863095332144,0.5700629933415703,46,0,1
1_model_7_b2_d0,1_model_7,4,0.67,0.64,0.75,0.25,0.2,0.92,0.0,0.0,2.7575253048991524,1.556873740677581,1.2328813496019781,40.356759544806984,0.5073973190987271,14.27939137358452,0,14,0,28.093652290152665,16.760697390025275,19.960797829746184,18.594904167540097,0.047619047619047616,0.0,0,,2;3;6;7;10;11;13;14;15;20;28;29;30;31,9;12;13;16;43;47;48;51,,C1;C11;C12;C13;C2;C3;C39;C40;C41;C42;C43;C51;C52;C8;N7;O10;O12;O13;O2;O3;O9,561.4476366911974,0.5653897048060916,47,0,1
1_model_7_b3_d0,1_model_7,0,0.67,0.64,0.75,0.47,0.5,0.72,0.01,0.0,2.562760444767658,1.486091339812516,1.2361153240487146,39.872352082944445,31.978232081869447,2.9793247557122733,7,6,2,7.260702514219957,5.523796248957777,13.119570038686481,16.834653783193758,0.0,0.0,0,,1;3;27;28;29;30,9;12;13;16;43;47;48;51,C23;C44;C45;C46;C48;C5;C50;C6,C1;C11;C12;C13;C2;C3;C39;C40;C41;C42;C43;C51;C52;C8;N7;O10;O12;O13;O2;O3;O9,386.8281780674506,0.3858399745805042,42,0,0
1_model_7_b3_d0,1_model_7,1,0.74,0.72,0.79,0.58,0.57,0.78,0.02,0.0,2.703471172693676,1.5555518255016176,4.3585868771858465,40.429656569919715,31.27331827902792,3.214916017565622,9,12,3,9.55730851233756,3.214916017565622,12.466029279606238,15.974985884187818,0.05263157894736842,0.07142857142857142,0,,3;10;11;13;14;15;17;18;20;24;28;29,9;12;13;16;43;47;48;51,C16;C20;C21;C22;C26;C50;C51;C52;O8,C1;C11;C12;C13;C2;C3;C39;C40;C41;C42;C43;C51;C52;C8;N7;O10;O12;O13;O2;O3;O9,445.8284400191733,0.4463063541512587,49,0,0
1_model_7_b3_d0,1_model_7,2,0.6,0.58,0.71,0.37,0.38,0.66,0.0,0.0,2.5487379212405323,1.5444886510939932,0.6669975615727135,36.732371977627736,34.23113196557878,3.4660624633725226,7,9,4,6.535423857715733,3.8890010285419043,14.868997410720064,15.927739356230061,0.0625,0.2,2,21;22,19;20;21;22;24;37;40;44;51,9;12;13;16;43;47;48;51,C12;C18;C22;C43;C50;C51;C52;O12;O8,C1;C11;C12;C13;C2;C3;C39;C40;C41;C42;C43;C51;C52;C8;N7;O10;O12;O13;O2;O3;O9,398.0451299173379,0.3903514548560903,48,0,0
1_model_7_b3_d0,1_model_7,3,0.67,0.65,0.75,0.45,0.5,0.73,0.01,0.0,2.5773889656043276,1.5244882531492043,0.6035417893842452,34.39568298410952,31.392944516168512,2.0300857124762,9,5,2,8.729645869106033,2.0300857124762,15.437851178191867,14.46633014969588,0.08333333333333333,0.11428571428571428,0,,19;37;44;45;51,9;12;13;16;43;47;48;51,C19;C20;C21;C22;C24;C25;C26;C27;C45;C46;C48;C50;C51;O10;O13;O7;O8;O9,C1;C11;C12;C13;C2;C3;C39;C40;C41;C42;C43;C51;C52;C8;N7;O10;O12;O13;O2;O3;O9,354.0729382234497,0.3549870912019274,39,0,0
1_model_7_b3_d0,1_model_7,4,0.68,0.66,0.75,0.45,0.47,0.75,0.0,0.0,2.589319390075783,1.494124317884208,0.9989184172172502,36.34552421833864,33.84684394131865,2.9782305149198915,6,6,1,5.609128631079876,6.777549262085817,14.556410203068614,14.779523030192822,0.0,0.10714285714285714,2,21;22,19;21;22;33;37;44,9;12;13;16;43;47;48;51,C12;C18;C19;C20;C36;C38;C43;C47;C52;O6,C1;C11;C12;C13;C2;C3;C39;C40;C41;C42;C43;C51;C52;C8;N7;O10;O12;O13;O2;O3;O9,380.16883939988116,0.3842985658927631,47,1,0
2_model_2_b0_d0,2_model_2,0,0.63,0.6,0.73,0.28,0.22,0.92,0.0,0.0,1.9508925560578203,1.2446971841298518,0.8726969656440628,43.86898821360689,0.5380202897935069,11.441338820260503,0,14,0,24.371676634979384,13.042345877946959,15.579278128334446,15.462058368794242,0.2,0.0,0,,1;2;3;4;5;8;42;48;49;50;57;58;61;65,1;58;62;65,,C1;C2;C3;C32;C35;C4;C40;C41;C42;C43;C49;C5;C8;C9;N7;O10;O11;O12;O13;O2;O3;O4;O6;O8,575.8337748501485,0.5801254450461182,46,0,1
2_model_2_b0_d0,2_model_2,1,0.7,0.68,0.79,0.44,0.34,0.93,0.0,0.0,1.8484034696467906,1.108759293399829,1.173265292525792,43.793611818085864,0.5693467806129665,10.826177210816383,0,18,0,21.844308961374814,13.228723143221343,10.824959491841067,15.12395150084792,0.2222222222222222,0.0,0,,1;2;3;4;5;8;42;45;46;54;55;57;58;61;62;65;68;71,1;58;62;65,,C1;C2;C3;C32;C35;C4;C40;C41;C42;C43;C49;C5;C8;C9;N7;O10;O11;O12;O13;O2;O3;O4;O6;O8,580.7237161753385,0.5696575908258212,42,0,1
2_model_2_b0_d0,2_model_2,2,0.61,0.58,0.72,0.24,0.19,0.92,0.0,0.0,0.8613071891188899,0.5689241221724228,0.719119774681219,43.419766830044075,0.5474324600038983,10.983449002931637,0,12,0,23.534632374439163,11.933965183458513,15.43069787793151,15.743350374046814,0.23076923076923078,0.0,0,,1;3;4;5;8;45;46;49;57;58;61;65,1;58;62;65,,C1;C2;C3;C32;C35;C4;C40;C41;C42;C43;C49;C5;C8;C9;N7;O10;O11;O12;O13;O2;O3;O4;O6;O8,566.3375780163874,0.5668048605742707,45,0,1
2_model_2_b0_d0,2_model_2,3,0.69,0.67,0.77,0.42,0.32,0.92,0.0,0.0,1.5590709739079898,1.0124488238038092,0.5680873605362815,46.45837224100226,0.6233901046476723,13.117995997864918,0,15,0,25.431915500016903,14.90735338683564,15.841079855868413,16.537499720332573,0.11764705882352941,0.0,0,,1;2;3;4;6;7;8;10;11;14;15;40;65;68;71,1;58;62;65,,C1;C2;C3;C32;C35;C4;C40;C41;C42;C43;C49;C5;C8;C9;N7;O10;O11;O12;O13;O2;O3;O4;O6;O8,583.0977653837787,0.5677042137062447,47,2,1
2_model_2_b0_d0,2_model_2,4,0.62,0.59,0.72,0.26,0.2,0.91,0.0,0.0,1.7052213669817902,1.202383947517433,0.8318374242818917,43.83400062264095,0.6137279643287145,11.91689531715371,0,13,0,24.596161407829477,12.97833953169665,16.303257435248945,15.637124383978021,0.21428571428571427,0.0,0,,1;2;3;4;8;49;50;51;52;57;58;61;65,1;58;62;65,,C1;C2;C3;C32;C35;C4;C40;C41;C42;C43;C49;C5;C8;C9;N7;O10;O11;O12;O13;O2;O3;O4;O6;O8,590.5035988257187,0.583326479971788,48,1,1
2_model_2_b1_d0,2_model_2,0,0.48,0.45,0.61,0.13,0.09,0.76,0.0,0.0,3.578237092999496,1.7616926549624201,0.42378552708621514,47.19338127432663,0.8127790843619191,12.517329267859019,0,13,0,25.622924696451033,16.037793457954244,16.251848017994753,15.856971558276818,0.13333333333333333,0.0,0,,1;2;4;5;42;45;46;49;50;54;57;58;61,1;58;62;65,,C1;C2;C3;C32;C35;C4;C40;C41;C42;C43;C49;C5;C8;C9;N7;O10;O11;O12;O13;O2;O3;O4;O6;O8,607.8311578263483,0.6008533265039333,46,0,1
2_model_2_b1_d0,2_model_2,1,0.49,0.46,0.62,0.16,0.11,0.77,0.0,0.0,2.657412819711528,1.5301933632194251,0.5114786119275406,44.4984369016677,0.4983923385917804,16.12178681164095,0,12,0,27.865737384824396,19.2757466522052,15.141125453545387,19.039857273624715,0.0,0.0,0,,30;33;34;36;37;39;43;46;47;49;50;51,1;58;62;65,,C1;C2;C3;C32;C35;C4;C40;C41;C42;C43;C49;C5;C8;C9;N7;O10;O11;O12;O13;O2;O3;O4;O6;O8,570.2532590998219,0.5747389355326629,47,0,1
2_model_2_b1_d0,2_model_2,2,0.48,0.45,0.61,0.15,0.1,0.75,0.0,0.0,3.526504361695869,1.7444598622491645,0.5803712885331523,46.95987089878253,0.6836367946932591,11.333109855639801,0,13,0,25.153948914633663,14.799046117909088,16.613845912370802,14.819876686396551,0.13333333333333333,0.0,0,,1;4;5;42;45;46;48;49;50;54;57;58;61,1;58;62;65,,C1;C2;C3;C32;C35;C4;C40;C41;C42;C43;C49;C5;C8;C9;N7;O10;O11;O12;O13;O2;O3;O4;O6;O8,586.5879177422844,0.5834817687923458,46,0,1
2_model_2_b1_d0,2_model_2,3,0.51,0.48,0.64,0.17,0.13,0.78,0.0,0.0,3.6274947659635024,1.780088428544919,0.5059785720274032,46.705898233708794,0.6194781967880857,12.318499462191001,0,11,0,25.001136954146705,15.52687618292875,16.193042703581067,15.683012115024333,0.15384615384615385,0.0,0,,1;4;5;42;45;49;50;54;57;58;61,1;58;62;65,,C1;C2;C3;C32;C35;C4;C40;C41;C42;C43;C49;C5;C8;C9;N7;O10;O11;O12;O13;O2;O3;O4;O6;O8,596.5096433009742,0.5873881609614928,47,0,1
2_model_2_b1_d0,2_model_2,4,0.48,0.45,0.61,0.15,0.1,0.75,0.0,0.0,3.5837896114953383,1.7464691821627953,0.4684110611725027,47.16915409118522,0.8810384460378176,12.287139374158658,0,13,0,25.708694365914425,15.83951950028788,15.844950804593873,15.447029520266994,0.13333333333333333,0.0,0,,1;2;4;5;42;45;46;49;50;54;57;58;61,1;58;62;65,,C1;C2;C3;C32;C35;C4;C40;C41;C42;C43;C49;C5;C8;C9;N7;O10;O11;O12;O13;O2;O3;O4;O6;O8,611.0376243682348,0.593125986196126,50,0,1
2_model_2_b2_d0,2_model_2,0,0.52,0.46,0.52,0.36,0.39,0.62,0.09,0.0,4.523551990020589,4.026549764118991,11.93497091143482,41.08915536530733,21.760226342431046,2.63270849126902,4,38,4,7.344132896401045,6.556750262134437,2.7160775025760953,4.201159125765173,0.05,0.03225806451612903,0,,1;2;3;4;5;6;7;8;9;10;11;12;13;14;15;16;17;18;19;23;27;31;32;35;39;44;48;51;52;54;57;60;61;64;65;67;68;71,1;58;62;65,C12;C18;C19;C20;C21;C22;C50;O6,C1;C2;C3;C32;C35;C4;C40;C41;C42;C43;C49;C5;C8;C9;N7;O10;O11;O12;O13;O2;O3;O4;O6;O8,192.0329401834521,0.1908814124258235,31,0,0
2_model_2_b2_d0,2_model_2,1,0.49,0.43,0.48,0.29,0.26,0.5,0.09,0.0,3.8655046358146605,2.960981699472542,11.77425685717407,37.755542625251834,20.696460781274677,2.579928293577168,2,31,2,4.191526094395692,7.131100125506582,2.614291108503413,3.449682449153834,0.029411764705882353,0.36,0,,1;2;4;5;6;8;9;11;12;13;15;16;17;19;20;23;27;35;39;44;48;51;52;54;57;60;61;64;67;68;71,1;58;62;65,C1;C10;C3;C41;C42;C43;C9;O2;O4;O6,C1;C2;C3;C32;C35;C4;C40;C41;C42;C43;C49;C5;C8;C9;N7;O10;O11;O12;O13;O2;O3;O4;O6;O8,105.85795413805532,0.10468096387313837,24,1,0
2_model_2_b2_d0,2_model_2,2,0.62,0.56,0.61,0.43,0.47,0.6,0.09,0.0,4.81626631380848,3.7407922003177654,11.948686207906935,36.25854339144757,30.779342548915565,3.321391425291514,2,32,1,3.9928022740927203,8.170803693639934,2.618925352124417,2.9703834769268425,0.02857142857142857,0.09375,0,,1;2;4;5;6;7;8;9;11;12;13;14;15;16;18;19;20;23;35;39;44;48;51;52;54;57;60;61;64;67;68;71,1;58;62;65,C11;C12;C13;C16;C18;C43;C47;C49;C50;O3;O7,C1;C2;C3;C32;C35;C4;C40;C41;C42;C43;C49;C5;C8;C9;N7;O10;O11;O12;O13;O2;O3;O4;O6;O8,341.5794001987764,0.33537860380986645,37,0,0
2_model_2_b2_d0,2_model_2,3,0.61,0.5,0.54,0.36,0.38,0.59,0.21,0.0,3.928866924020804,3.056798820225823,11.823188691815327,42.6379231048823,30.508833908412686,3.2195581995050193,12,30,3,3.717034974277212,6.041467454186938,2.659407076774821,4.282977702486904,0.030303030303030304,0.3055555555555556,1,22,1;2;4;5;6;8;9;10;11;12;13;15;16;17;18;19;20;22;23;27;31;32;35;39;48;51;56;67;70;71,1;58;62;65,C18;C19;C20;C3;C35;C36;C38;C39;C4;C40;C41;C42;C45;C47;C49;C50;C51;C52;O12;O13;O2;O3;O9,C1;C2;C3;C32;C35;C4;C40;C41;C42;C43;C49;C5;C8;C9;N7;O10;O11;O12;O13;O2;O3;O4;O6;O8,201.794182717421,0.18556158646433224,34,0,0
2_model_2_b2_d0,2_model_2,4,0.58,0.51,0.56,0.39,0.35,0.53,0.12,0.0,3.914874034545071,3.013095230915715,12.351027353038894,38.552201498913945,33.874473520997626,3.1019090895769335,5,33,2,7.7591548508842125,7.128936736989606,2.8022023481540375,3.570755662321352,0.027777777777777776,0.030303030303030304,0,,1;2;4;5;7;8;9;10;11;12;13;15;16;17;18;19;20;23;27;31;32;35;39;43;44;45;46;48;49;64;67;68;71,1;58;62;65,C18;C19;C20;C21;C22;C23;C45;C49;C50;C52,C1;C2;C3;C32;C35;C4;C40;C41;C42;C43;C49;C5;C8;C9;N7;O10;O11;O12;O13;O2;O3;O4;O6;O8,449.90460412732835,0.4477666345801495,42,0,0
2_model_2_b3_d0,2_model_2,0,0.66,0.64,0.73,0.45,0.84,0.59,0.0,0.0,2.5153684698846734,1.458440249798577,0.43657207595769454,10.992271533979775,10.66890590683761,3.0366186787280363,10,4,2,8.236597962751368,3.0366186787280363,5.636731144910143,5.102189529995922,0.3333333333333333,0.02702702702702703,0,,54;58;61;65,1;58;62;65,C18;C19;C20;C21;C26;C44;C45;C46;C47;C48;C50;C52;O7;O8,C1;C2;C3;C32;C35;C4;C40;C41;C42;C43;C49;C5;C8;C9;N7;O10;O11;O12;O13;O2;O3;O4;O6;O8,142.1592666897956,0.1417786792290555,34,0,0
2_model_2_b3_d0,2_model_2,1,0.62,0.6,0.7,0.43,0.82,0.55,0.0,0.0,2.7180878266614865,1.5306188837736778,0.49256646689589123,4.2391356660257165,11.055123185380534,3.1348285439557935,9,4,1,8.379260707246194,3.1348285439557935,3.413280679932431,6.137558472226558,0.0,0.02702702702702703,0,,54;55;59;61,1;58;62;65,C13;C18;C20;C21;C26;C44;C45;C46;C47;C48;C50;C51;C52;O8,C1;C2;C3;C32;C35;C4;C40;C41;C42;C43;C49;C5;C8;C9;N7;O10;O11;O12;O13;O2;O3;O4;O6;O8,204.85880635099775,0.19958117954396906,38,0,0
2_model_2_b3_d0,2_model_2,2,0.51,0.48,0.61,0.21,0.79,0.28,0.0,0.0,2.8214342297552335,1.5738499245762778,0.48726867766128246,52.817176118642365,31.76139922049249,3.085742374210783,12,7,3,7.756247804189858,3.085742374210783,18.117195671516054,18.726164022564795,0.1,0.075,0,,1;2;5;46;49;54;57,1;58;62;65,C13;C18;C19;C20;C21;C26;C36;C38;C44;C45;C46;C47;C48;C49;C5;C50;C51;C52;O8,C1;C2;C3;C32;C35;C4;C40;C41;C42;C43;C49;C5;C8;C9;N7;O10;O11;O12;O13;O2;O3;O4;O6;O8,211.75318850893328,0.2125759421685754,37,0,0
2_model_2_b3_d0,2_model_2,3,0.64,0.62,0.71,0.41,0.83,0.55,0.0,0.0,2.7335549497569187,1.5439572183500667,0.44477481481675396,8.312818355098987,10.787192320130247,3.149112097083875,10,2,0,8.068995290617043,3.149112097083875,3.563389678382088,4.21986753346595,0.2,0.05,0,,54;62,1;58;62;65,C13;C18;C19;C20;C21;C22;C26;C36;C44;C45;C46;C47;C48;C5;C50;C51;C52;O8,C1;C2;C3;C32;C35;C4;C40;C41;C42;C43;C49;C5;C8;C9;N7;O10;O11;O12;O13;O2;O3;O4;O6;O8,147.45609662350316,0.14608296984253596,32,0,0
2_model_2_b3_d0,2_model_2,4,0.56,0.54,0.66,0.36,0.67,0.62,0.0,0.0,2.6911480375493513,1.5685520868686977,0.4299923535033963,2.146098917044699,10.949547333114186,2.9942107474257718,12,7,4,4.881000819504131,3.8601244798581305,3.41076179174096,3.2887278695568596,0.375,0.05,0,,1;2;5;57;58;61;65,1;58;62;65,C18;C19;C20;C21;C22;C23;C24;C44;C45;C46;C48;C49;C50;C51;O1;O7;O8;O9,C1;C2;C3;C32;C35;C4;C40;C41;C42;C43;C49;C5;C8;C9;N7;O10;O11;O12;O13;O2;O3;O4;O6;O8,146.96328545590998,0.14482674532643716,24,0,0
2_model_3_b0_d0,2_model_3,0,0.74,0.73,0.81,0.51,0.41,0.93,0.0,0.0,1.6202739669325963,1.125002811555686,1.1651729977895382,40.41336566828276,0.8234513539368328,11.46177455719663,0,19,0,22.19796488419603,13.569537575024434,10.842725395397599,15.640924557071427,0.1,0.0,0,,2;5;6;8;12;16;20;23;28;29;32;36;38;39;42;43;45;46;57,12;13;16,,C1;C2;C25;C26;C28;C3;C35;C36;C39;C4;C40;C41;C42;C43;C46;C49;C8;C9;O10;O11;O12;O13;O2;O3;O4;O6;O8;O9,597.058374817801,0.5860071284071727,46,0,1
2_model_3_b0_d0,2_model_3,1,0.69,0.67,0.77,0.39,0.32,0.93,0.0,0.0,1.7514974634979306,1.1594467879388495,1.883149691239752,41.351101875433855,0.45012070686872724,9.661921185768389,0,14,0,22.890575047385767,10.303220758578357,12.375350540489752,15.283900189415005,0.0,0.0,0,,29;32;33;35;36;37;43;46;49;52;55;56;58;59,12;13;16,,C1;C2;C25;C26;C28;C3;C35;C36;C39;C4;C40;C41;C42;C43;C46;C49;C8;C9;O10;O11;O12;O13;O2;O3;O4;O6;O8;O9,571.3693622498873,0.56465176331317,46,0,1
2_model_3_b0_d0,2_model_3,2,0.72,0.7,0.79,0.44,0.37,0.93,0.0,0.0,1.5616076423854157,1.1494695301245037,1.141272895809162,39.826405085383534,0.6675248274454901,10.802445926733446,0,17,0,22.011957500413267,12.492223701167058,10.63932742235147,15.246678785886454,0.1111111111111111,0.0,0,,5;8;9;12;16;23;28;29;32;35;38;39;42;43;45;46;57,12;13;16,,C1;C2;C25;C26;C28;C3;C35;C36;C39;C4;C40;C41;C42;C43;C46;C49;C8;C9;O10;O11;O12;O13;O2;O3;O4;O6;O8;O9,574.4339858834643,0.5698159637042358,45,0,1
2_model_3_b0_d0,2_model_3,3,0.75,0.73,0.82,0.52,0.42,0.93,0.0,0.0,1.9445024674490372,1.2508018035742743,0.9529814781158514,36.33458403851117,0.6104593073747747,11.14958407295985,0,19,0,22.29890956975251,12.569672788103915,9.261269945315275,14.896430612734047,0.1,0.0,0,,1;2;8;9;13;16;20;23;28;35;38;41;42;45;46;50;53;54;57,12;13;16,,C1;C2;C25;C26;C28;C3;C35;C36;C39;C4;C40;C41;C42;C43;C46;C49;C8;C9;O10;O11;O12;O13;O2;O3;O4;O6;O8;O9,586.8529634424922,0.5757501505633258,50,0,1
2_model_3_b0_d0,2_model_3,4,0.68,0.66,0.77,0.37,0.29,0.93,0.0,0.0,1.2617814944375534,1.0538445696734948,1.4322563619686226,38.7551346241979,0.6177797383861298,11.585035045264213,0,12,0,23.50384094142913,12.902617835152679,12.56508981265156,16.6558960431434,0.07142857142857142,0.0,0,,9;16;19;20;23;32;35;39;40;43;46;52,12;13;16,,C1;C2;C25;C26;C28;C3;C35;C36;C39;C4;C40;C41;C42;C43;C46;C49;C8;C9;O10;O11;O12;O13;O2;O3;O4;O6;O8;O9,593.9937511842243,0.5836278839097315,48,0,1
2_model_3_b1_d0,2_model_3,0,0.62,0.59,0.72,0.26,0.22,0.91,0.0,0.0,2.186717183032173,0.9842297303336953,0.928641579817684,40.469847147646945,1.1049544038028256,11.184169079551685,0,22,0,24.010338460754774,13.083104409886822,14.865041708653226,15.633512529179104,0.13636363636363635,0.0,0,,2;5;8;9;12;13;16;19;20;23;24;32;35;39;41;42;43;45;46;50;53;57,12;13;16,,C1;C2;C25;C26;C28;C3;C35;C36;C39;C4;C40;C41;C42;C43;C46;C49;C8;C9;O10;O11;O12;O13;O2;O3;O4;O6;O8;O9,605.7221543181158,0.59540055167152,46,0,1
2_model_3_b1_d0,2_model_3,1,0.63,0.61,0.73,0.3,0.25,0.92,0.0,0.0,2.106414154226701,1.2174349579572554,0.8693061406715901,40.40381964449745,0.720097409778176,11.45499402007701,0,20,0,23.658770086376002,12.94885110733767,14.71844139166916,15.591404875764082,0.15,0.0,0,,1;8;9;12;13;16;19;20;23;24;35;39;41;42;43;45;46;50;54;57,12;13;16,,C1;C2;C25;C26;C28;C3;C35;C36;C39;C4;C40;C41;C42;C43;C46;C49;C8;C9;O10;O11;O12;O13;O2;O3;O4;O6;O8;O9,576.9498780002139,0.5754973834786772,46,0,1
2_model_3_b1_d0,2_model_3,2,0.64,0.61,0.74,0.31,0.26,0.92,0.0,0.0,2.1611179755132026,1.2214963266419974,1.2600879899916977,40.66968136860996,0.7693650355309206,10.921807084910444,0,19,0,23.550771558486147,12.731547470751543,15.059556733184412,14.804583546996518,0.15789473684210525,0.0,0,,1;5;8;9;12;13;16;19;20;23;24;35;38;39;42;45;46;50;57,12;13;16,,C1;C2;C25;C26;C28;C3;C35;C36;C39;C4;C40;C41;C42;C43;C46;C49;C8;C9;O10;O11;O12;O13;O2;O3;O4;O6;O8;O9,586.6109691783801,0.5787487973506827,44,0,1
2_model_3_b1_d0,2_model_3,3,0.58,0.56,0.7,0.18,0.15,0.92,0.0,0.0,2.0300025714019627,1.1324903211902886,1.1402315077065635,38.31943843946104,0.4539764430268085,11.471213972374501,0,16,0,24.063385027880013,13.059156366320147,12.33386237153634,14.702739200570756,0.1875,0.0,0,,2;8;9;12;13;16;23;35;39;41;42;45;46;50;54;57,12;13;16,,C1;C2;C25;C26;C28;C3;C35;C36;C39;C4;C40;C41;C42;C43;C46;C49;C8;C9;O10;O11;O12;O13;O2;O3;O4;O6;O8;O9,582.6722366588501,0.5708645482374597,47,1,1
2_model_3_b1_d0,2_model_3,4,0.64,0.62,0.74,0.31,0.24,0.93,0.0,0.0,1.8613187815108123,1.0959024875155847,0.9994210493620118,48.78232025705749,0.8000863840445506,12.05166681417969,0,10,0,25.33476411968345,15.06408105395082,17.596412617349028,15.602864897191157,0.0,0.0,2,21;25,14;17;20;21;24;25;27;68;69;71,12;13;16,,C1;C2;C25;C26;C28;C3;C35;C36;C39;C4;C40;C41;C42;C43;C46;C49;C8;C9;O10;O11;O12;O13;O2;O3;O4;O6;O8;O9,597.0770149342125,0.5908745461504809,49,0,0
2_model_3_b2_d0,2_model_3,0,0.75,0.73,0.81,0.51,0.43,0.94,0.01,0.0,1.6855628024373992,1.1521402016167774,0.719414920079939,43.10231111599005,0.5410870968258686,8.825733623897788,0,16,0,21.984172374688114,9.047531652334795,11.366388212620578,14.217781648344442,0.1875,0.0,0,,5;9;12;13;16;17;20;23;32;35;36;39;42;43;45;46,12;13;16,,C1;C2;C25;C26;C28;C3;C35;C36;C39;C4;C40;C41;C42;C43;C46;C49;C8;C9;O10;O11;O12;O13;O2;O3;O4;O6;O8;O9,619.1340322353115,0.5986381053966737,47,0,1
2_model_3_b2_d0,2_model_3,1,0.77,0.75,0.82,0.55,0.58,0.91,0.0,0.0,0.9614853069199332,0.8497513617516577,0.5063834064866207,10.647293412293502,0.7017281104493174,2.4756627395507658,7,7,2,3.0598870894201307,5.175325013948399,2.5505830705938597,2.3639667933369966,0.0,0.43333333333333335,0,,6;9;45;46;47;48;50,12;13;16,C1;C11;C2;C3;C4;C40;C41;C43;C5;C8;O13;O2;O3;O4;O6,C1;C2;C25;C26;C28;C3;C35;C36;C39;C4;C40;C41;C42;C43;C46;C49;C8;C9;O10;O11;O12;O13;O2;O3;O4;O6;O8;O9,228.68522099447594,0.23074798410935157,32,0,0
2_model_3_b2_d0,2_model_3,2,0.79,0.78,0.84,0.59,0.59,0.91,0.0,0.0,1.1264921443187623,0.8609793873036881,0.6853511916561467,28.94385203761028,0.7986217753829074,2.5545547557255452,10,6,1,4.115280063373573,3.1453352762463975,9.669940279029648,2.1413717566083657,0.125,0.42857142857142855,0,,16;20;38;39;42;46,12;13;16,C10;C28;C3;C4;C41;C42;C46;C48;C5;C51;C6;C8;C9;N7;O10;O11;O13;O4;O5;O6;O8;O9,C1;C2;C25;C26;C28;C3;C35;C36;C39;C4;C40;C41;C42;C43;C46;C49;C8;C9;O10;O11;O12;O13;O2;O3;O4;O6;O8;O9,204.11958959960808,0.20196710851409305,28,0,0
2_model_3_b2_d0,2_model_3,3,0.61,0.58,0.72,0.23,0.2,0.92,0.0,0.0,1.3660531680732801,0.8159605530201737,0.9173721801481626,43.74069302755367,0.4886706247106203,13.936985936708123,0,14,0,22.552415591239885,17.464767962959026,9.633118965319593,18.648889993777107,0.0,0.0,1,21,4;7;21;58;59;61;62;63;65;66;68;69;70;71,12;13;16,,C1;C2;C25;C26;C28;C3;C35;C36;C39;C4;C40;C41;C42;C43;C46;C49;C8;C9;O10;O11;O12;O13;O2;O3;O4;O6;O8;O9,584.2138685338441,0.5777501879375913,46,0,0
2_model_3_b2_d0,2_model_3,4,0.71,0.69,0.79,0.43,0.46,0.91,0.0,0.0,1.1969628517543176,0.770398043529639,1.0031945754719829,15.189496564182798,0.5306842144950604,2.916925950379954,7,5,3,3.5588641446394105,5.295264488200755,3.3891547618838533,2.173743315113356,0.0,0.36666666666666664,0,,2;6;9;45;46,12;13;16,C3;C35;C4;C40;C42;C43;C46;C48;C49;C5;O12;O13;O3,C1;C2;C25;C26;C28;C3;C35;C36;C39;C4;C40;C41;C42;C43;C46;C49;C8;C9;O10;O11;O12;O13;O2;O3;O4;O6;O8;O9,280.9702239293953,0.28743008397555764,35,0,0
2_model_3_b3_d0,2_model_3,0,0.67,0.65,0.76,0.42,0.37,0.93,0.0,0.0,1.424318734089995,0.9941414604593415,0.911759641070781,47.29030666293876,0.5929862845659558,12.526074604599797,0,9,0,24.491782866912732,14.650823116808148,15.636308419828511,15.482666275548278,0.09090909090909091,0.0,0,,9;16;35;39;40;42;43;46;47,12;13;16,,C1;C2;C25;C26;C28;C3;C35;C36;C39;C4;C40;C41;C42;C43;C46;C49;C8;C9;O10;O11;O12;O13;O2;O3;O4;O6;O8;O9,605.5803114098063,0.5975611129670872,48,0,1
2_model_3_b3_d0,2_model_3,1,0.59,0.56,0.71,0.2,0.17,0.93,0.0,0.0,1.4697487723677083,0.9810782133944799,0.9465051015525897,44.18387083274527,0.4866273544064416,15.12352171288156,0,13,0,27.919172068669944,17.415198793008365,15.450351258142968,18.55714423072688,0.0,0.0,2,21;25,14;17;18;21;24;25;26;28;65;66;68;69;71,12;13;16,,C1;C2;C25;C26;C28;C3;C35;C36;C39;C4;C40;C41;C42;C43;C46;C49;C8;C9;O10;O11;O12;O13;O2;O3;O4;O6;O8;O9,575.7105720582502,0.5744943642635923,46,1,0
2_model_3_b3_d0,2_model_3,2,0.62,0.6,0.73,0.26,0.27,0.91,0.0,0.0,1.3446270580421273,0.9867901203047321,0.9442852014325657,33.5226675461892,0.4304515566234897,2.8897293990960473,2,9,1,12.387927147025042,3.8278331990827397,13.038647054046674,6.468668332817814,0.09090909090909091,0.14285714285714285,1,21,9;16;19;20;21;23;24;35;42,12;13;16,O10;O13;O8;O9,C1;C2;C25;C26;C28;C3;C35;C36;C39;C4;C40;C41;C42;C43;C46;C49;C8;C9;O10;O11;O12;O13;O2;O3;O4;O6;O8;O9,492.7793327875625,0.4926448172008431,41,0,0
2_model_3_b3_d0,2_model_3,3,0.59,0.56,0.71,0.19,0.15,0.91,0.0,0.0,0.6622679084671815,0.6041481450020249,1.0767635075210076,34.60824050390156,0.5078123193191534,2.948281024597214,1,11,0,14.269768708707229,2.948281024597214,11.960497732118007,8.164070614589269,0.16666666666666666,0.03571428571428571,1,21,9;13;16;19;20;21;23;24;35;39;42,12;13;16,O8,C1;C2;C25;C26;C28;C3;C35;C36;C39;C4;C40;C41;C42;C43;C46;C49;C8;C9;O10;O11;O12;O13;O2;O3;O4;O6;O8;O9,555.1765465157342,0.5459446055569919,44,0,0
2_model_3_b3_d0,2_model_3,4,0.75,0.73,0.82,0.54,0.46,0.94,0.0,0.0,1.260228784879111,0.8469910018700008,1.4830799957551868,45.04396058922679,0.5266924474916388,11.030103807308432,0,16,0,22.90026451812293,13.572086832908196,13.014086137720158,15.190008097430365,0.1875,0.0,0,,2;5;8;9;12;13;16;17;20;32;35;36;39;42;45;46,12;13;16,,C1;C2;C25;C26;C28;C3;C35;C36;C39;C4;C40;C41;C42;C43;C46;C49;C8;C9;O10;O11;O12;O13;O2;O3;O4;O6;O8;O9,599.4324240262413,0.5902770827896957,47,0,1
3_model_0_b0_d0,3_model_0,0,0.77,0.74,0.78,0.62,0.79,0.74,0.04,0.0,2.8314443568904215,1.5744591277957807,0.8265586944562483,6.382649223118924,10.716739303951416,3.3799279578121193,13,11,1,7.30831834282005,5.3061300398689815,2.911092921910944,3.6794441156239888,0.6153846153846154,0.08333333333333333,0,,2;5;6;9;10;12;13;14;36;38;61,5;6;9;10;13;14;36;61;65;68,C13;C18;C19;C20;C21;C22;C27;C36;C38;C43;C45;C46;C48;C50;C51;C52;O6;O7,C4;C40;C43;C48;C49;O13;O2;O3,161.15166035731758,0.15901766240621107,32,0,0
3_model_0_b0_d0,3_model_0,1,0.68,0.66,0.72,0.52,0.73,0.63,0.03,0.0,2.2575913994037515,1.6742807409945846,0.9160277020437253,5.328023221178594,10.582177273999925,3.3760253257343904,13,10,0,6.849287919192769,5.038884102656062,2.7722600888084066,4.02173768413605,0.5384615384615384,0.08333333333333333,0,,2;5;6;9;10;12;13;14;34;36,5;6;9;10;13;14;36;61;65;68,C12;C13;C14;C18;C19;C20;C21;C22;C36;C43;C45;C46;C48;C50;C51;C52;O6;O7,C4;C40;C43;C48;C49;O13;O2;O3,214.23180039286046,0.20874913253462746,30,0,0
3_model_0_b0_d0,3_model_0,2,0.69,0.66,0.73,0.52,0.74,0.64,0.04,0.0,2.176938853951898,1.590012326691479,0.8837978842390188,6.376068808118012,10.576465186062714,3.333401415971379,12,12,1,6.957476841499366,5.292950972756123,2.7853579662226537,3.7564938439986837,0.5714285714285714,0.08333333333333333,0,,2;5;6;9;10;12;13;14;34;36;38;61,5;6;9;10;13;14;36;61;65;68,C12;C13;C14;C18;C19;C20;C21;C22;C36;C43;C45;C46;C48;C50;C51;C52;O6;O7,C4;C40;C43;C48;C49;O13;O2;O3,191.32372564190422,0.1905490435324675,29,0,0
3_model_0_b0_d0,3_model_0,3,0.75,0.72,0.76,0.6,0.77,0.7,0.04,0.0,2.142191697187147,1.5527105710573146,0.9139412039351168,5.651484467601248,10.683008579665204,3.440100434580363,10,11,1,7.408670933440087,5.4359711183927395,2.589258967349538,3.3978451995345527,0.6153846153846154,0.09523809523809523,0,,2;5;6;9;10;12;13;14;36;38;61,5;6;9;10;13;14;36;61;65;68,C14;C18;C19;C20;C22;C36;C38;C43;C45;C48;C50;C51;C52;O6;O7,C4;C40;C43;C48;C49;O13;O2;O3,194.1046634588619,0.19118993509716856,35,0,0
3_model_0_b0_d0,3_model_0,4,0.78,0.75,0.78,0.63,0.8,0.73,0.05,0.0,2.78620411682201,1.5418267221148045,0.8333065359074919,6.894730209539463,10.73685306433221,3.062510571410326,13,13,2,7.206630696795833,5.083217386655817,2.6485110911604663,3.4344032960617765,0.5333333333333333,0.08,0,,2;5;6;9;10;12;13;14;17;36;37;38;61,5;6;9;10;13;14;36;61;65;68,C12;C13;C14;C18;C19;C20;C21;C22;C36;C38;C43;C45;C46;C48;C50;C51;C52;O6;O7,C4;C40;C43;C48;C49;O13;O2;O3,162.4096064156925,0.16012742277135594,30,0,0
3_model_0_b1_d0,3_model_0,0,0.57,0.54,0.65,0.35,0.47,0.65,0.01,0.0,2.743324270560112,1.5681048316102066,1.5329687039714404,44.521456924181685,28.24313049065653,3.0737433204482123,12,12,2,5.03965723040764,3.4014247015037684,13.312976939813275,18.005984949455,0.4666666666666667,0.13043478260869565,0,,9;10;12;13;14;16;36;37;38;61;64;65,5;6;9;10;13;14;36;61;65;68,C19;C20;C21;C23;C3;C4;C41;C42;C44;C45;C46;C48;C5;C6;O11;O2;O8;O9,C4;C40;C43;C48;C49;O13;O2;O3,211.14853664287233,0.20661502759732717,37,0,0
3_model_0_b1_d0,3_model_0,1,0.65,0.61,0.71,0.44,0.54,0.7,0.05,0.0,2.241699428647691,1.5698060790831492,0.9489472457161199,44.82671948231996,29.484088448636363,3.1081521841763156,13,11,2,4.6691644862866,3.2847121639498345,15.595487841039152,17.832239034961372,0.6153846153846154,0.08695652173913043,0,,2;5;6;9;10;12;13;14;36;38;65,5;6;9;10;13;14;36;61;65;68,C18;C19;C20;C21;C23;C26;C3;C41;C42;C44;C46;C48;C5;C50;O10;O2;O8,C4;C40;C43;C48;C49;O13;O2;O3,213.5598660841352,0.2142756124861425,38,0,0
3_model_0_b1_d0,3_model_0,2,0.59,0.55,0.67,0.35,0.43,0.67,0.03,0.0,2.6442948099626746,1.5304992122205472,1.0977232373090717,46.987518809930265,29.755132641540847,2.945324939628903,13,11,2,3.550288298152701,2.945324939628903,16.116448771363995,19.130487631004076,0.4,0.25,0,,6;9;10;12;13;16;34;36;37;38;61,5;6;9;10;13;14;36;61;65;68,C19;C3;C35;C4;C41;C42;C43;C44;C46;C48;C5;C50;O10;O2;O3;O8;O9,C4;C40;C43;C48;C49;O13;O2;O3,200.37575363432518,0.20586703249996408,32,0,0
3_model_0_b1_d0,3_model_0,3,0.6,0.55,0.66,0.37,0.48,0.66,0.05,0.0,2.8908997015889297,1.63803569360434,1.3564993435299775,44.907616658277846,29.258732398352056,3.075993660591647,13,11,1,3.902997437867467,3.075993660591647,14.152141604718349,18.298047409491538,0.5,0.16,0,,9;10;12;13;16;36;38;61;64;65;68,5;6;9;10;13;14;36;61;65;68,C19;C20;C21;C23;C26;C3;C37;C41;C42;C44;C46;C48;C5;C51;C6;O10;O11;O13;O2;O3;O8,C4;C40;C43;C48;C49;O13;O2;O3,209.64418500070093,0.2114141637402952,29,0,0
3_model_0_b1_d0,3_model_0,4,0.6,0.55,0.66,0.37,0.5,0.65,0.05,0.0,2.7218207814218895,1.5435344064217185,1.3968253475633208,45.42566079748344,29.608270752711555,3.091602982273113,13,9,2,3.327032010666563,3.091602982273113,14.97642397236403,19.351396771292766,0.46153846153846156,0.2727272727272727,0,,9;10;12;13;14;16;36;38;65,5;6;9;10;13;14;36;61;65;68,C16;C17;C19;C2;C21;C3;C4;C40;C41;C42;C44;C46;C48;C5;C50;O13;O2;O3;O7;O8,C4;C40;C43;C48;C49;O13;O2;O3,166.34392761553812,0.1721118024738015,28,0,0
3_model_0_b2_d0,3_model_0,0,0.52,0.48,0.64,0.35,0.37,0.56,0.01,0.0,2.582772650142382,1.5179078861828663,7.068626469595267,37.98281065946379,30.926854527521726,3.2819928397240603,7,9,1,8.22519306764285,5.0955627755921125,14.489237177988358,14.342616114224072,0.0,0.0,1,25,25;50;55;58;59;62;63;66;67,5;6;9;10;13;14;36;61;65;68,C13;C18;C24;C27;C45;C47;C50;C51;C52;O7,C4;C40;C43;C48;C49;O13;O2;O3,420.8300018763959,0.4281771247899474,46,0,0
3_model_0_b2_d0,3_model_0,1,0.5,0.46,0.63,0.31,0.38,0.55,0.01,0.0,2.7844444309760688,1.6058476737988696,6.486370151267223,39.07893668745175,32.05206284254152,3.2335791315506723,6,9,0,8.09590180276416,5.645382626536486,15.100475787206177,14.721399491896141,0.0,0.0,1,25,25;50;55;58;59;62;63;66;67,5;6;9;10;13;14;36;61;65;68,C13;C16;C18;C20;C27;C45;C47;C50;C51;C52;O7;O9,C4;C40;C43;C48;C49;O13;O2;O3,427.2615750765799,0.4186461275247953,42,0,0
3_model_0_b2_d0,3_model_0,2,0.5,0.47,0.63,0.34,0.4,0.54,0.0,0.0,2.7594076102775027,1.5773398101896083,6.436251700199197,38.35110606984545,31.296785327866612,3.2123836943926856,6,10,1,8.054304004692149,5.079846651228755,13.756340865215575,14.139120305026053,0.0,0.0,1,25,25;50;58;59;62;63;66;67;70;74,5;6;9;10;13;14;36;61;65;68,C13;C16;C18;C24;C27;C45;C47;C50;C51;C52,C4;C40;C43;C48;C49;O13;O2;O3,443.5962337190426,0.4352563397468597,43,0,0
3_model_0_b2_d0,3_model_0,3,0.49,0.46,0.62,0.34,0.39,0.51,0.01,0.0,2.6744039313299375,1.546052948320659,6.59234624089693,37.987324490794926,32.56660717738211,3.294112019953177,4,12,1,8.227703142432887,5.271808038993833,14.886364935739012,14.397949367878747,0.0,0.0,1,25,25;50;55;58;59;62;63;66;67;70;73;74,5;6;9;10;13;14;36;61;65;68,C13;C15;C16;C17;C18;C20;C24;C27;C47;C50;C51;C52;O9,C4;C40;C43;C48;C49;O13;O2;O3,467.6204116200641,0.463396115592552,36,0,0
3_model_0_b2_d0,3_model_0,4,0.48,0.44,0.61,0.27,0.33,0.56,0.01,0.0,2.564441031279289,1.5216710019193358,6.668165362646754,37.96239854209771,34.30908289155325,3.3704817163129666,5,11,1,8.041604690607466,5.699729291817287,15.032496465989936,15.672092489517793,0.0,0.0,1,25,25;46;50;51;55;58;59;63;66;70;73,5;6;9;10;13;14;36;61;65;68,C13;C16;C45;C47;C50;C51;C52,C4;C40;C43;C48;C49;O13;O2;O3,481.74150407880734,0.47958764965180506,39,0,0
3_model_0_b3_d0,3_model_0,0,0.4,0.34,0.55,0.2,0.25,0.41,0.03,0.0,2.638622448976844,1.535936498268605,2.130698755407117,39.63641890056965,34.043266441855565,2.586895823182681,7,11,3,8.063665977705178,5.3637413248589825,12.414398656398948,15.38746850524803,0.0,0.0,0,,27;28;29;32;37;40;44;47;48;51;57,5;6;9;10;13;14;36;61;65;68,C12;C13;C18;C20;C22;C24;C44;C45;C50;O7,C4;C40;C43;C48;C49;O13;O2;O3,415.99598090043975,0.433607323998669,45,0,0
3_model_0_b3_d0,3_model_0,1,0.52,0.47,0.62,0.25,0.41,0.64,0.05,0.0,2.592940648845205,1.5669747917484782,2.3977914187626466,44.51550064615119,31.675185792679542,2.732464089425513,6,7,1,3.8498312950050173,7.76970243960475,12.624496861261441,15.051185335381398,0.0,0.10526315789473684,0,,27;28;29;30;32;33;34,5;6;9;10;13;14;36;61;65;68,C18;C20;C33;C35;C36;C38;C44;C45;C47;C49;C50;C52;O3,C4;C40;C43;C48;C49;O13;O2;O3,319.5223828976775,0.3135530613056519,40,0,0
3_model_0_b3_d0,3_model_0,2,0.5,0.44,0.6,0.27,0.53,0.55,0.05,0.0,2.7215126485534507,1.561130931413551,2.1674614211590497,43.28001569845948,30.955036239020597,2.9365289033142523,12,10,1,6.620986104803422,4.711760286771813,13.08410730619403,15.306339536283652,0.42857142857142855,0.10344827586206896,0,,9;10;12;13;14;36;38;59;61;64,5;6;9;10;13;14;36;61;65;68,C13;C16;C18;C19;C21;C22;C23;C24;C37;C38;C39;C40;C41;C42;C44;C45;C46;C47;C49;C50;C51;C52;O12;O13,C4;C40;C43;C48;C49;O13;O2;O3,310.93316386300796,0.3177991660160449,30,0,0
3_model_0_b3_d0,3_model_0,3,0.43,0.36,0.57,0.21,0.37,0.44,0.05,0.0,2.5418832717464586,1.4894282372273837,1.7581115535942697,40.91869381451138,34.10701785769058,2.7142846203005297,7,8,1,6.071529049588744,3.678069330504794,13.6593263743129,15.910796523115993,0.0,0.08695652173913043,0,,37;38;40;41;44;52;57;59,5;6;9;10;13;14;36;61;65;68,C12;C13;C20;C22;C24;C28;C38;C43;C45;C47;C49;C50;C51;C52;O10;O8;O9,C4;C40;C43;C48;C49;O13;O2;O3,359.10472245694956,0.359847347044697,37,1,0
3_model_0_b3_d0,3_model_0,4,0.47,0.42,0.59,0.19,0.27,0.6,0.04,0.0,2.6413116378343564,1.5564673828643152,2.1133256493541994,45.79432640735543,31.20436685541357,2.6374326531686076,6,3,0,5.932021072113619,4.275840151362069,16.981709366256393,18.01462103403788,0.0,0.14285714285714285,0,,26;72;75,5;6;9;10;13;14;36;61;65;68,C11;C12;C13;C43;C45;C49;C51;O9,C4;C40;C43;C48;C49;O13;O2;O3,369.2914937158471,0.36545527342168205,42,0,0
3_model_3_b0_d0,3_model_3,0,0.85,0.84,0.88,0.7,0.76,0.92,0.0,0.0,0.856834740947025,0.6505322846538072,0.3655945751362493,2.8474187463516083,0.7089371209086776,2.715850695454373,12,7,3,3.54683083893213,6.015624406493477,3.0665214820705233,4.229113145802557,0.6,0.5172413793103449,1,22,18;19;22;23;26;29;75,19;22;23;26;27;28;29;72;75,C1;C12;C14;C15;C3;C4;C40;C41;C42;C43;C48;C49;C5;C50;O10;O11;O13;O2;O3;O4;O5;O6;O7,C10;C14;C15;C16;C3;C35;C36;C4;C43;C44;C48;C49;C5;C8;O11;O2;O3;O4;O5;O6;O7,108.0528802053634,0.10761536712178024,26,0,0
3_model_3_b0_d0,3_model_3,1,0.82,0.81,0.86,0.64,0.73,0.92,0.0,0.0,1.0026721720634215,0.6979584143643994,0.45757452212209004,2.789490551977745,0.965984707507115,2.28997925754798,12,9,4,3.2599746931533073,6.538442016260449,3.2523014927893756,4.150628988478734,0.8,0.4,1,22,18;19;22;23;26;27;28;29;75,19;22;23;26;27;28;29;72;75,C1;C12;C2;C3;C4;C40;C41;C42;C43;C48;C49;C5;C50;C9;O11;O13;O2;O3;O4;O6;O7,C10;C14;C15;C16;C3;C35;C36;C4;C43;C44;C48;C49;C5;C8;O11;O2;O3;O4;O5;O6;O7,142.68935809021136,0.1392442608927982,28,0,0
3_model_3_b0_d0,3_model_3,2,0.82,0.81,0.86,0.65,0.73,0.91,0.0,0.0,0.8866663406429053,0.7437402482657952,0.4921720895471203,2.7310440235542472,1.0026040280926372,2.2910220426700394,12,7,4,3.122670972100647,5.713444320197756,3.117708292961354,3.7748740376335737,0.7777777777777778,0.375,1,22,19;22;23;26;27;29;75,19;22;23;26;27;28;29;72;75,C1;C12;C2;C3;C4;C40;C41;C42;C43;C48;C49;C5;C50;C9;O1;O10;O11;O13;O2;O3;O4;O6;O7,C10;C14;C15;C16;C3;C35;C36;C4;C43;C44;C48;C49;C5;C8;O11;O2;O3;O4;O5;O6;O7,135.7090533732002,0.13628025363035148,26,0,0
3_model_3_b0_d0,3_model_3,3,0.84,0.83,0.87,0.68,0.76,0.92,0.0,0.0,0.9118360396928614,0.7267244380959146,0.6420575156231824,2.444941468876578,0.7607287523065438,2.638130777652995,12,9,4,3.171154048607542,5.8021081513532655,3.252814319938966,3.7728432249432258,0.8,0.4838709677419355,1,22,18;19;22;23;26;27;28;29;75,19;22;23;26;27;28;29;72;75,C1;C10;C11;C12;C13;C14;C2;C3;C35;C4;C40;C41;C42;C43;C48;C49;C5;O1;O11;O13;O2;O3;O4;O6;O7,C10;C14;C15;C16;C3;C35;C36;C4;C43;C44;C48;C49;C5;C8;O11;O2;O3;O4;O5;O6;O7,125.92917072282005,0.12734950347847293,23,0,0
3_model_3_b0_d0,3_model_3,4,0.82,0.81,0.86,0.65,0.72,0.92,0.0,0.0,1.1970279694218808,0.8474752768110255,0.6711648176490352,3.7862160648387966,1.1593625024890013,2.697890657532288,12,8,3,3.0182766606128073,6.20896360111734,3.212650619037183,4.510919529319937,0.7,0.41935483870967744,1,22,18;19;22;23;26;27;28;29,19;22;23;26;27;28;29;72;75,C1;C11;C12;C14;C2;C3;C4;C40;C41;C42;C43;C48;C49;C5;O1;O10;O11;O13;O2;O3;O4;O6;O7,C10;C14;C15;C16;C3;C35;C36;C4;C43;C44;C48;C49;C5;C8;O11;O2;O3;O4;O5;O6;O7,136.9669994315751,0.13554417872816998,25,0,0
3_model_3_b1_d0,3_model_3,0,0.84,0.83,0.87,0.68,0.74,0.93,0.0,0.0,0.8142555270340842,0.631832819151359,0.6199502190183142,3.3644721908727266,0.427620993841437,2.6389016654661464,10,6,2,4.417203866701196,6.738862589487932,3.2123477395823765,4.410965200497506,0.5,0.4230769230769231,1,22,18;19;22;23;26;29,19;22;23;26;27;28;29;72;75,C1;C12;C3;C4;C41;C42;C43;C44;C48;C49;O11;O13;O2;O4;O6;O7,C10;C14;C15;C16;C3;C35;C36;C4;C43;C44;C48;C49;C5;C8;O11;O2;O3;O4;O5;O6;O7,135.99273918981936,0.13852955575784356,32,0,0
3_model_3_b1_d0,3_model_3,1,0.85,0.85,0.88,0.71,0.78,0.93,0.0,0.0,0.9815954704323369,0.7155448416805757,0.770078646585696,3.610017840050229,0.47680556711724487,2.6418419710497445,11,8,6,4.161707582231121,6.913180093126463,3.4093225133448435,4.225548603436009,0.8888888888888888,0.3793103448275862,1,22,19;22;23;26;27;28;29;75,19;22;23;26;27;28;29;72;75,C1;C12;C2;C3;C32;C38;C4;C40;C41;C43;C44;C48;C49;C5;O11;O13;O2;O4;O6,C10;C14;C15;C16;C3;C35;C36;C4;C43;C44;C48;C49;C5;C8;O11;O2;O3;O4;O5;O6;O7,182.21577730024936,0.18054766971267724,31,0,0
3_model_3_b1_d0,3_model_3,2,0.82,0.81,0.86,0.66,0.74,0.92,0.0,0.0,0.9121942315737487,0.7376702520308026,0.6619858707896168,4.078738136940305,0.6390948027635989,2.6933048472090935,9,4,3,3.9864050220718923,5.7858036606853505,3.1938691269367947,4.496129557741858,0.4444444444444444,0.5,1,22,19;22;23;29,19;22;23;26;27;28;29;72;75,C1;C12;C2;C3;C36;C4;C43;C44;C48;C49;C5;C6;O10;O11;O2;O3;O4;O6,C10;C14;C15;C16;C3;C35;C36;C4;C43;C44;C48;C49;C5;C8;O11;O2;O3;O4;O5;O6;O7,197.13200685961607,0.1940940303418075,31,0,0
3_model_3_b1_d0,3_model_3,3,0.75,0.74,0.81,0.51,0.6,0.92,0.0,0.0,0.9538950954525844,0.7481971730163821,0.7823337505784066,3.637980651636838,0.6143381645913909,2.8497375317737594,10,6,3,3.1648180042460576,7.711461469786385,3.394601596653133,4.976992063485736,0.6666666666666666,0.5,1,22,19;22;23;26;27;28,19;22;23;26;27;28;29;72;75,C1;C12;C2;C3;C4;C42;C43;C44;C48;C49;C5;C8;O11;O13;O2;O3;O4;O6,C10;C14;C15;C16;C3;C35;C36;C4;C43;C44;C48;C49;C5;C8;O11;O2;O3;O4;O5;O6;O7,187.61716990944387,0.18490319300060035,29,0,0
3_model_3_b1_d0,3_model_3,4,0.78,0.77,0.83,0.56,0.62,0.92,0.0,0.0,0.921783835501878,0.6135680208166876,0.8879286162257743,4.968051976826814,0.6132510260948384,2.6334202095374,11,7,3,3.0193141605338125,6.484588036259512,3.440197814079882,5.296815458367414,0.6,0.43333333333333335,1,22,18;19;22;23;26;27;28,19;22;23;26;27;28;29;72;75,C1;C12;C2;C3;C32;C38;C4;C41;C42;C43;C44;C48;C49;C5;C6;C8;O11;O13;O2;O3;O4;O6,C10;C14;C15;C16;C3;C35;C36;C4;C43;C44;C48;C49;C5;C8;O11;O2;O3;O4;O5;O6;O7,178.5651419170229,0.17764465318630424,26,0,0
3_model_3_b2_d0,3_model_3,0,0.85,0.84,0.88,0.71,0.75,0.93,0.0,0.0,0.8232952818366731,0.6394438373242358,0.5593594364093153,2.839401332083139,0.4714026506666221,2.831253079468524,14,8,3,3.270609881963914,7.02217266948058,2.448397026627829,4.267286374266438,0.5454545454545454,0.5666666666666667,2,22;25,18;19;22;23;25;26;27;29,19;22;23;26;27;28;29;72;75,C1;C12;C15;C2;C3;C35;C36;C4;C40;C41;C42;C43;C44;C48;C49;C5;C50;C8;C9;O11;O13;O2;O3;O4;O6;O7,C10;C14;C15;C16;C3;C35;C36;C4;C43;C44;C48;C49;C5;C8;O11;O2;O3;O4;O5;O6;O7,126.07101363112962,0.12538574105165903,24,0,0
3_model_3_b2_d0,3_model_3,1,0.8,0.79,0.85,0.62,0.7,0.92,0.0,0.0,0.9716329682639943,0.7445293083940422,0.7745999863061097,2.950445324259936,0.7252626099262548,2.744322685108295,12,8,2,2.947777807094694,6.931383988786078,3.441288857390498,4.406475802724894,0.5454545454545454,0.40625,1,22,15;18;19;22;23;26;27;28,19;22;23;26;27;28;29;72;75,C1;C11;C12;C13;C2;C3;C35;C36;C38;C39;C4;C40;C41;C42;C43;C48;C49;C5;O11;O12;O2;O3;O4;O6,C10;C14;C15;C16;C3;C35;C36;C4;C43;C44;C48;C49;C5;C8;O11;O2;O3;O4;O5;O6;O7,158.04975649091816,0.1570414038148663,27,0,0
3_model_3_b2_d0,3_model_3,2,0.8,0.79,0.84,0.61,0.68,0.92,0.0,0.0,0.8832312951274138,0.7196656127706764,0.6204116289437311,3.3323224243439196,1.0261232786084231,2.5497019433651458,11,9,3,2.9208947259358733,6.455242210792713,3.336097570515587,3.878999613302379,0.6363636363636364,0.6,1,22,15;18;19;22;23;26;27;28;75,19;22;23;26;27;28;29;72;75,C1;C10;C11;C12;C13;C14;C15;C2;C3;C35;C36;C4;C40;C41;C42;C43;C48;C49;C5;O11;O13;O2;O3;O4;O5;O6;O7,C10;C14;C15;C16;C3;C35;C36;C4;C43;C44;C48;C49;C5;C8;O11;O2;O3;O4;O5;O6;O7,147.03056789857442,0.1454650519176332,24,0,0
3_model_3_b2_d0,3_model_3,3,0.86,0.86,0.89,0.73,0.8,0.93,0.0,0.0,0.8564356753427589,0.7252624222437777,0.7889738773957782,2.6633909389606534,0.6671556676360134,2.7399644158273295,13,8,3,3.0072161545189924,6.3825221503728455,3.1555956648468135,3.8111398557387,0.7,0.4666666666666667,1,22,18;19;22;23;26;27;28;75,19;22;23;26;27;28;29;72;75,C1;C11;C12;C13;C2;C3;C35;C36;C38;C4;C40;C41;C42;C43;C48;C49;C5;O11;O2;O3;O4;O6;O7,C10;C14;C15;C16;C3;C35;C36;C4;C43;C44;C48;C49;C5;C8;O11;O2;O3;O4;O5;O6;O7,161.96543757435245,0.162352597739081,29,0,0
3_model_3_b2_d0,3_model_3,4,0.85,0.84,0.88,0.71,0.78,0.93,0.0,0.0,0.8780874478643645,0.6489485984835847,0.8382998896258148,3.815031693236721,0.8234187483866439,2.7923848230500035,13,9,3,2.967036231662836,7.147691795258102,3.0470105021151475,4.7370607975832435,0.6363636363636364,0.4827586206896552,1,22,15;18;19;22;23;26;27;28;29,19;22;23;26;27;28;29;72;75,C1;C11;C12;C2;C3;C35;C36;C4;C40;C41;C42;C43;C48;C49;C5;O11;O13;O2;O3;O4;O6;O7,C10;C14;C15;C16;C3;C35;C36;C4;C43;C44;C48;C49;C5;C8;O11;O2;O3;O4;O5;O6;O7,177.06079027485143,0.1749610043644897,29,0,0
3_model_3_b3_d0,3_model_3,0,0.57,0.54,0.69,0.37,0.55,0.67,0.0,0.0,2.583924411676575,1.5137806002434309,0.9626116832679958,53.15051811971773,23.97296885849901,2.539389099763957,10,7,2,5.249007239469193,4.0227122691040185,20.649631134720057,20.16896472305904,0.23076923076923078,0.0967741935483871,1,22,12;15;16;18;19;22;23,19;22;23;26;27;28;29;72;75,C35;C38;C39;C40;C41;C42;C45;C49;C52;O12;O13;O2;O9,C10;C14;C15;C16;C3;C35;C36;C4;C43;C44;C48;C49;C5;C8;O11;O2;O3;O4;O5;O6;O7,257.6252583600797,0.26361483777760697,40,0,0
3_model_3_b3_d0,3_model_3,1,0.51,0.47,0.64,0.31,0.55,0.57,0.0,0.0,2.639849977762204,1.5661938992930347,0.9295348960561424,55.0899366105645,27.490120648064224,2.2812586438192413,12,8,3,8.851703847282737,2.9411127146030966,23.314661438674165,21.112715623528867,0.3076923076923077,0.024390243902439025,1,22,12;15;16;18;19;22;23;26,19;22;23;26;27;28;29;72;75,C18;C19;C20;C21;C22;C23;C24;C26;C38;C39;C40;C45;C46;C47;C48;C52;O10;O12;O13;O8;O9,C10;C14;C15;C16;C3;C35;C36;C4;C43;C44;C48;C49;C5;C8;O11;O2;O3;O4;O5;O6;O7,230.35733368434907,0.23551235340838142,33,0,0
3_model_3_b3_d0,3_model_3,2,0.54,0.51,0.66,0.32,0.5,0.64,0.0,0.0,2.727931262116363,1.553110075402784,1.0673456181790868,53.655481433253314,25.640086077797584,2.347512300287263,9,7,2,3.573831697212391,5.246862776936329,21.3414515438852,20.530552014010727,0.23076923076923078,0.13793103448275862,1,22,12;15;16;18;19;22;26,19;22;23;26;27;28;29;72;75,C1;C2;C3;C42;C47;C49;C51;C52;O12;O2;O3;O9,C10;C14;C15;C16;C3;C35;C36;C4;C43;C44;C48;C49;C5;C8;O11;O2;O3;O4;O5;O6;O7,298.71194956152306,0.29418530827232664,42,0,0
3_model_3_b3_d0,3_model_3,3,0.59,0.57,0.69,0.39,0.58,0.68,0.0,0.0,2.6966898618228647,1.5389188111979777,0.7792612421449329,53.05638938033041,27.03731155540301,2.290237760582949,8,7,2,3.6608025076477424,6.802586713890533,22.013494997387397,20.1509522851899,0.23076923076923078,0.3793103448275862,1,22,12;15;16;18;19;22;26,19;22;23;26;27;28;29;72;75,C10;C12;C18;C19;C20;C21;C36;C43;C44;C47;C48;C49;C5;C6;C8;C9;O3;O4;O6,C10;C14;C15;C16;C3;C35;C36;C4;C43;C44;C48;C49;C5;C8;O11;O2;O3;O4;O5;O6;O7,248.55459025124753,0.24641770968882606,39,0,0
3_model_3_b3_d0,3_model_3,4,0.57,0.54,0.68,0.35,0.55,0.66,0.0,0.0,2.6692865690602905,1.560057857887841,0.7503461933931037,53.04148447309312,26.47157362236252,2.981227431780407,12,8,3,3.2084217303839595,4.106484871517245,15.906671619166595,20.65668591521883,0.3076923076923077,0.39285714285714285,1,22,12;15;16;18;19;22;23;26,19;22;23;26;27;28;29;72;75,C1;C2;C3;C30;C4;C41;C42;C43;C44;C48;C5;C6;C8;O10;O2;O3;O4;O6,C10;C14;C15;C16;C3;C35;C36;C4;C43;C44;C48;C49;C5;C8;O11;O2;O3;O4;O5;O6;O7,147.26561138894047,0.14781675441126088,36,0,0
4_model_7_b0_d0,4_model_7,0,0.64,0.61,0.76,0.19,0.16,0.92,0.0,0.0,0.8138584895904517,0.6211947862042431,0.45246080555180174,27.270491806796283,0.6010604433379896,2.0993734779690816,4,4,2,6.031807026090936,6.144577202704838,12.386694030289117,2.8879750691444688,0.0,0.09523809523809523,0,,5;8;34;35,17;21;22;48;49;50;52;53,C2;C3;C31;C4;C44;C48;C5;O11;O2,C1;C12;C2;C39;C40;C41;C42;C43;C49;C52;O12;O13;O2;O3,421.9947473527143,0.4166322122758539,38,0,0
4_model_7_b0_d0,4_model_7,1,0.77,0.75,0.84,0.47,0.49,0.94,0.0,0.0,0.8976837585574007,0.5326750163992882,0.46716811906506467,34.25685840934221,0.48997668629355545,3.7388395258422094,1,8,1,8.851295102977868,9.46274510911078,18.104830543255577,2.981803648800504,0.0,0.0,0,,1;2;5;32;34;35;37;40,17;21;22;48;49;50;52;53,C44,C1;C12;C2;C39;C40;C41;C42;C43;C49;C52;O12;O13;O2;O3,516.0383757978021,0.5074479555483403,44,0,0
4_model_7_b0_d0,4_model_7,2,0.68,0.66,0.78,0.28,0.27,0.92,0.0,0.0,0.8121288209312963,0.717096353956795,0.38309548741312693,27.457734042247374,0.4194142793046538,2.935325705948149,6,6,2,5.944050050260344,7.971484303440609,15.29717284337207,2.5882940327559383,0.0,0.0,0,,1;5;32;33;34;35,17;21;22;48;49;50;52;53,C3;C4;C44;C48;C5;C6;O11;O4;O6,C1;C12;C2;C39;C40;C41;C42;C43;C49;C52;O12;O13;O2;O3,404.42078276828806,0.4061153904799963,39,0,0
4_model_7_b0_d0,4_model_7,3,0.74,0.72,0.82,0.4,0.4,0.93,0.0,0.0,1.0422962622302836,0.6332729910534055,0.5346535625346869,30.517837704588082,0.5535208620708287,2.7854590285983387,4,5,0,7.112523954265462,3.5371766990072753,12.748090523682361,2.341225960901682,0.0,0.1,0,,32;35;36;37;38,17;21;22;48;49;50;52;53,C3;C30;C32;C48;O11;O13;O2;O8,C1;C12;C2;C39;C40;C41;C42;C43;C49;C52;O12;O13;O2;O3,422.39027386780117,0.41892787976760604,38,0,0
4_model_7_b0_d0,4_model_7,4,0.63,0.6,0.75,0.16,0.13,0.93,0.0,0.0,1.080290009062565,0.9042249611563604,0.49744097625148076,44.78975225592988,0.5544412599850064,10.28044673153847,0,9,0,23.3965069615103,10.28044673153847,18.762012125569047,14.559082010896152,0.0,0.0,0,,1;2;5;8;32;33;35;36;37,17;21;22;48;49;50;52;53,,C1;C12;C2;C39;C40;C41;C42;C43;C49;C52;O12;O13;O2;O3,574.8408744919814,0.56496672282206,45,0,1
4_model_7_b1_d0,4_model_7,0,0.79,0.78,0.85,0.53,0.45,0.94,0.0,0.0,1.4972404236400791,0.9139075468344482,0.4411497228220924,36.22941208328716,0.5214012031235551,6.412058795737918,0,12,0,19.635116755446095,7.703717024917258,11.113631179771982,13.820429443400085,0.0,0.0,0,,8;11;12;14;15;16;18;19;33;34;51;54,17;21;22;48;49;50;52;53,,C1;C12;C2;C39;C40;C41;C42;C43;C49;C52;O12;O13;O2;O3,588.2713925255881,0.5789524265396354,45,0,1
4_model_7_b1_d0,4_model_7,1,0.74,0.72,0.81,0.43,0.37,0.93,0.0,0.0,2.7019029256562668,1.1082649502390696,0.5986630353966452,40.18926869044876,1.324529987567155,10.37586059081366,0,9,0,23.31632904211124,11.33553196810807,14.846604763379405,15.086873433551432,0.0,0.0,1,25,8;12;16;19;25;26;29;32;33,17;21;22;48;49;50;52;53,,C1;C12;C2;C39;C40;C41;C42;C43;C49;C52;O12;O13;O2;O3,576.5429893916964,0.5732473896434118,46,0,0
4_model_7_b1_d0,4_model_7,2,0.77,0.75,0.82,0.5,0.42,0.93,0.0,0.0,2.8816695223171624,1.5455230583280959,0.4652118038167781,40.30374129056379,0.7621544865571288,10.573100727790312,0,12,0,23.914022434546638,11.793020563027946,15.4125512813421,15.018613717650508,0.05263157894736842,0.0,1,21,8;12;16;19;20;21;26;28;29;30;32;33,17;21;22;48;49;50;52;53,,C1;C12;C2;C39;C40;C41;C42;C43;C49;C52;O12;O13;O2;O3,567.5955240747625,0.5686990951199516,45,0,0
4_model_7_b1_d0,4_model_7,3,0.73,0.71,0.8,0.37,0.33,0.94,0.0,0.0,1.499544379514842,1.1350141957736888,0.5283885418573333,38.076712147875256,0.49398714805975436,10.935102377207084,0,11,0,23.167347215423696,13.122863140336412,12.66246851921062,16.091255109530763,0.0,0.0,0,,8;11;12;15;16;18;19;20;29;32;33,17;21;22;48;49;50;52;53,,C1;C12;C2;C39;C40;C41;C42;C43;C49;C52;O12;O13;O2;O3,571.3693622498872,0.5737635194464455,47,0,1
4_model_7_b1_d0,4_model_7,4,0.75,0.73,0.81,0.44,0.37,0.93,0.0,0.0,2.9604261830692615,1.584955182665081,0.5537570475163883,40.2513251305205,0.5784752004855891,10.907425452415431,0,11,0,24.103400382518643,13.076714457385693,15.179176031656,15.274568013531512,0.05555555555555555,0.0,1,21,8;12;16;19;21;26;28;29;30;32;33,17;21;22;48;49;50;52;53,,C1;C12;C2;C39;C40;C41;C42;C43;C49;C52;O12;O13;O2;O3,575.6919319418388,0.5741613686620096,47,0,0
4_model_7_b2_d0,4_model_7,0,0.86,0.86,0.89,0.74,0.62,0.94,0.0,0.0,1.1327078303764708,0.7637954973102904,0.5264199927380867,37.751544777868325,0.6668677824200334,11.130569931499464,0,12,0,24.317628955142812,11.886702907030191,14.834239582803022,15.10448152039652,0.42857142857142855,0.0,2,21;22,17;20;21;22;42;43;45;46;49;50;53;54,17;21;22;48;49;50;52;53,,C1;C12;C2;C39;C40;C41;C42;C43;C49;C52;O12;O13;O2;O3,595.8190688758376,0.590281639093179,45,0,0
4_model_7_b2_d0,4_model_7,1,0.88,0.88,0.91,0.78,0.64,0.94,0.0,0.0,1.0035807134936643,0.8176071087561854,0.5761846814885943,38.568479136028216,0.5486313838203749,10.093396900944695,0,12,0,23.288660438075865,10.738896172326093,14.908138515589394,15.144416000625444,0.42857142857142855,0.0,2,21;22,17;21;22;24;42;43;45;46;49;50;53;54,17;21;22;48;49;50;52;53,,C1;C12;C2;C39;C40;C41;C42;C43;C49;C52;O12;O13;O2;O3,592.3102764009208,0.5811042153005217,47,0,0
4_model_7_b2_d0,4_model_7,2,0.88,0.88,0.91,0.78,0.57,0.94,0.0,0.0,3.3045833242256877,1.4151587129345855,0.43896210316296425,41.36668750451691,0.9739663696286033,11.446245497978802,0,10,0,24.809619203043,14.231625767985891,14.934112025828654,15.356041449540308,0.2,0.0,0,,24;42;43;45;46;47;49;50;53;54,17;21;22;48;49;50;52;53,,C1;C12;C2;C39;C40;C41;C42;C43;C49;C52;O12;O13;O2;O3,596.0841145760454,0.5911256956172853,46,0,1
4_model_7_b2_d0,4_model_7,3,0.87,0.87,0.9,0.76,0.62,0.94,0.0,0.0,1.0214976987936175,0.6910318338925749,0.530331654223677,39.476656932378646,0.7064802672542102,11.228321201319458,0,12,0,24.36705819338888,13.47993968829238,14.489864354092484,15.190834934262172,0.42857142857142855,0.0,2,21;22,17;21;22;24;42;43;45;46;49;50;53;54,17;21;22;48;49;50;52;53,,C1;C12;C2;C39;C40;C41;C42;C43;C49;C52;O12;O13;O2;O3,594.2587968844322,0.587447599080188,47,0,0
4_model_7_b2_d0,4_model_7,4,0.86,0.85,0.89,0.73,0.59,0.94,0.0,0.0,1.1096126215035673,0.7386822950923205,0.5600810596160046,37.748665361028735,1.0057607669155066,11.101200565704595,0,12,0,24.476031152946344,12.201938247671965,15.066545489925685,15.120823853216464,0.42857142857142855,0.0,2,21;22,17;21;22;23;42;43;45;46;47;49;50;53,17;21;22;48;49;50;52;53,,C1;C12;C2;C39;C40;C41;C42;C43;C49;C52;O12;O13;O2;O3,586.729760650594,0.5746801227793527,47,1,0
4_model_7_b3_d0,4_model_7,0,0.77,0.76,0.84,0.51,0.43,0.93,0.0,0.0,1.5975444199533402,0.9832266683168609,0.6202759186483878,40.66809218571217,0.5510552417965048,8.29488330237382,0,14,0,21.532906933342744,9.790742464185238,14.233520716955448,15.072086816363553,0.1,0.0,0,,4;6;7;8;10;11;12;14;15;17;18;47;51;52,17;21;22;48;49;50;52;53,,C1;C12;C2;C39;C40;C41;C42;C43;C49;C52;O12;O13;O2;O3,577.6404524253506,0.5698317258523523,44,0,1
4_model_7_b3_d0,4_model_7,1,0.76,0.74,0.83,0.51,0.43,0.93,0.0,0.0,1.623689818849358,0.9908129678100784,0.6029798263671245,41.683054709797545,0.894610480068484,9.52081015460344,0,17,0,22.79917476576729,10.967855806856688,13.627477426141642,16.190268342433367,0.08695652173913043,0.0,0,,3;4;6;7;8;10;11;12;14;15;18;43;47;48;51;52;54,17;21;22;48;49;50;52;53,,C1;C12;C2;C39;C40;C41;C42;C43;C49;C52;O12;O13;O2;O3,576.4011464833868,0.5761513671022989,48,0,1
4_model_7_b3_d0,4_model_7,2,0.8,0.79,0.85,0.57,0.48,0.94,0.0,0.0,1.6155009595827647,0.9999231878467657,0.7266745319218043,40.9237220536295,0.5575078484445626,7.711595295397703,0,16,0,20.92196656626714,9.334426066984514,14.501843882761944,14.371421537203616,0.043478260869565216,0.0,0,,3;4;6;7;8;10;11;12;14;15;18;43;47;51;52;54,17;21;22;48;49;50;52;53,,C1;C12;C2;C39;C40;C41;C42;C43;C49;C52;O12;O13;O2;O3,581.0074019919576,0.5641313989558071,43,0,1
4_model_7_b3_d0,4_model_7,3,0.77,0.76,0.84,0.51,0.39,0.94,0.0,0.0,1.2842102299024578,0.7135483353887108,0.5282363922464335,42.319614808538546,0.547559123663932,11.822646488836584,0,11,0,24.455082048523163,14.50428922767331,14.68407593279196,15.283509446458952,0.05555555555555555,0.0,2,21;25,12;15;16;19;21;23;25;26;28;29;33,17;21;22;48;49;50;52;53,,C1;C12;C2;C39;C40;C41;C42;C43;C49;C52;O12;O13;O2;O3,581.9816622337136,0.5811635054388179,46,0,0
4_model_7_b3_d0,4_model_7,4,0.71,0.69,0.79,0.36,0.29,0.93,0.0,0.0,1.8255322545844055,1.088805534604856,0.46277535522670415,40.627684433339034,0.5288822261547708,10.405253769130285,0,12,0,23.272337570600858,12.378536908698054,14.351477484914229,14.907543526684737,0.05263157894736842,0.0,2,21;25,8;12;15;16;18;19;21;25;28;29;32;33,17;21;22;48;49;50;52;53,,C1;C12;C2;C39;C40;C41;C42;C43;C49;C52;O12;O13;O2;O3,586.8716035589036,0.5726228921598782,48,0,0
5_model_1_b0_d0,5_model_1,0,0.53,0.5,0.64,0.27,0.42,0.64,0.01,0.0,2.726787895204877,1.5459136067659474,0.9755710479316727,4.3885528021040345,10.671824953866484,3.4294986514066452,9,9,1,5.473495135651443,4.480011718734673,2.23553192775232,4.773054472766888,0.6,0.08571428571428572,2,21;25,20;21;25;51;54;55;58;59;62,1;6;17;20;21;25;51;52;54;55;56;58;59;60;62,C12;C17;C18;C19;C20;C22;C38;C44;C45;C46;C50;C51;C52;O6;O7,C12;C28;C29;C3;C30;C37;C38;C39;C40;C41;C42;C43;C48;C5;C52;O10;O11;O12;O13;O2;O3;O4;O8,163.10018084082913,0.1611992666042566,32,0,0
5_model_1_b0_d0,5_model_1,1,0.62,0.6,0.71,0.39,0.51,0.72,0.0,0.0,2.4639357565945543,1.6306131439324285,1.2368537202069707,6.091565719329408,11.241848831016975,2.878742954832889,10,10,0,6.647372864523247,4.9235691322454285,2.6740142108822083,3.8239363226915795,0.47058823529411764,0.08823529411764706,2,22;25,9;20;22;25;51;54;55;58;59;62,1;6;17;20;21;25;51;52;54;55;56;58;59;60;62,C11;C12;C13;C18;C19;C20;C21;C45;C46;C50;C51;C52;O12;O6,C12;C28;C29;C3;C30;C37;C38;C39;C40;C41;C42;C43;C48;C5;C52;O10;O11;O12;O13;O2;O3;O4;O8,155.7316276317118,0.156777328758119,31,1,0
5_model_1_b0_d0,5_model_1,2,0.44,0.4,0.58,0.23,0.45,0.49,0.0,0.0,2.706030882434325,1.563191257626937,1.2315160633661517,3.592299281994464,11.237868839975883,3.2907251480486797,9,8,0,6.363869106133468,4.2968298779449015,2.042706048358402,5.135515553476593,0.5333333333333333,0.1388888888888889,1,25,17;20;25;54;55;58;59;62,1;6;17;20;21;25;51;52;54;55;56;58;59;60;62,C12;C13;C16;C17;C18;C19;C20;C21;C22;C38;C39;C44;C45;C46;C50;C51;C52;O12,C12;C28;C29;C3;C30;C37;C38;C39;C40;C41;C42;C43;C48;C5;C52;O10;O11;O12;O13;O2;O3;O4;O8,218.4125271765027,0.22330449727055884,30,0,0
5_model_1_b0_d0,5_model_1,3,0.66,0.62,0.7,0.43,0.52,0.72,0.04,0.0,2.900438471089442,1.67318182858655,1.5726683015526308,5.5177917955260805,11.076734229046519,2.902259292344501,13,13,2,6.330342881708701,3.624449199533634,2.564999220272787,4.25138436276938,0.75,0.19444444444444445,3,21;22;25,17;20;21;22;25;51;52;54;55;56;58;59;62,1;6;17;20;21;25;51;52;54;55;56;58;59;60;62,C12;C13;C18;C20;C21;C22;C23;C24;C25;C26;C38;C39;C45;C46;C50;C52;O12;O13;O7;O8,C12;C28;C29;C3;C30;C37;C38;C39;C40;C41;C42;C43;C48;C5;C52;O10;O11;O12;O13;O2;O3;O4;O8,175.69828154098954,0.18069068028337654,28,0,0
5_model_1_b0_d0,5_model_1,4,0.48,0.45,0.6,0.28,0.44,0.54,0.0,0.0,2.6737002569137123,1.5363317254071025,1.22578294173801,5.072495586771309,7.5423551669523405,2.6481231089207315,13,8,3,6.029626356582969,4.736374774022849,2.907122632432282,4.386482075650146,0.5333333333333333,0.125,1,25,1;17;25;54;55;58;59;62,1;6;17;20;21;25;51;52;54;55;56;58;59;60;62,C12;C14;C15;C16;C17;C18;C19;C20;C21;C22;C23;C24;C38;C43;C44;C45;C47;C48;C50;C51;C52;O7,C12;C28;C29;C3;C30;C37;C38;C39;C40;C41;C42;C43;C48;C5;C52;O10;O11;O12;O13;O2;O3;O4;O8,125.96645095564263,0.12851317192411155,25,0,0
5_model_1_b1_d0,5_model_1,0,0.41,0.37,0.56,0.25,0.48,0.4,0.01,0.0,2.71662525291674,1.5199668767450767,1.8091816915733892,40.72930297004384,32.85895250260224,3.161149948990083,13,16,4,4.9467833993414345,5.842342252898233,17.440511059025766,17.649551750681944,0.631578947368421,0.23529411764705882,3,21;22;25,1;5;6;10;16;17;20;21;22;25;55;56;58;59;60;62,1;6;17;20;21;25;51;52;54;55;56;58;59;60;62,C12;C13;C19;C21;C35;C36;C38;C42;C43;C44;C45;C46;C48;C49;C50;C52;O13;O2;O7,C12;C28;C29;C3;C30;C37;C38;C39;C40;C41;C42;C43;C48;C5;C52;O10;O11;O12;O13;O2;O3;O4;O8,162.7305724651343,0.16187186938604078,34,0,0
5_model_1_b1_d0,5_model_1,1,0.38,0.33,0.54,0.24,0.4,0.36,0.0,0.0,2.5563396250720536,1.530015056898994,3.0600805616519406,37.968874796384384,32.1566848555879,3.1006589622207734,12,11,3,5.930663116380832,6.1930875982824585,15.251633158452245,15.414712614901388,0.18181818181818182,0.2222222222222222,0,,2;5;6;8;9;12;13;16;17;20;62,1;6;17;20;21;25;51;52;54;55;56;58;59;60;62,C12;C13;C18;C19;C20;C21;C36;C39;C43;C44;C45;C46;C47;C49;C5;C50;C52;O12;O13;O4;O7,C12;C28;C29;C3;C30;C37;C38;C39;C40;C41;C42;C43;C48;C5;C52;O10;O11;O12;O13;O2;O3;O4;O8,161.45398629034804,0.16075781303885486,30,0,0
5_model_1_b1_d0,5_model_1,2,0.35,0.31,0.51,0.16,0.32,0.38,0.0,0.0,2.6511642959869954,1.4890454702117009,1.143615777356905,43.4512265578845,32.23502585672172,3.0312984016754276,14,9,4,4.819359708509005,6.089334117947545,21.151865686033467,19.819016272257308,0.6,0.25,1,21,1;20;21;52;55;56;58;59;62,1;6;17;20;21;25;51;52;54;55;56;58;59;60;62,C1;C12;C13;C14;C16;C19;C20;C21;C36;C38;C40;C41;C42;C43;C45;C46;C49;C50;C51;C52;O13;O2,C12;C28;C29;C3;C30;C37;C38;C39;C40;C41;C42;C43;C48;C5;C52;O10;O11;O12;O13;O2;O3;O4;O8,138.54591153939177,0.14064530538717623,26,0,0
5_model_1_b1_d0,5_model_1,3,0.42,0.39,0.57,0.26,0.46,0.43,0.0,0.0,2.036514011880196,1.4894085435538884,0.9536285682661579,39.81579477606262,30.67648935431704,2.8614662325458258,13,16,5,3.9104784873465293,3.684650322622216,13.769301579964031,17.5869150506847,0.55,0.28205128205128205,3,21;22;25,1;10;12;13;16;20;21;22;25;52;54;55;56;58;59;62,1;6;17;20;21;25;51;52;54;55;56;58;59;60;62,C11;C17;C18;C19;C20;C21;C22;C35;C37;C38;C40;C41;C42;C44;C45;C46;C47;C48;C49;C5;C50;C51;C52;O13;O3;O8;O9,C12;C28;C29;C3;C30;C37;C38;C39;C40;C41;C42;C43;C48;C5;C52;O10;O11;O12;O13;O2;O3;O4;O8,150.25567455687212,0.15216003933070774,31,0,0
5_model_1_b1_d0,5_model_1,4,0.5,0.46,0.62,0.33,0.53,0.51,0.02,0.0,2.68891230904177,1.785612978224574,1.1435302516250876,43.96894112893099,31.80438191404867,2.7746659258368385,12,11,3,3.233411356446934,3.2101647932777535,20.719832673069536,18.43683587278468,0.625,0.36363636363636365,3,21;22;25,17;20;21;22;25;52;54;55;56;58;62,1;6;17;20;21;25;51;52;54;55;56;58;59;60;62,C12;C13;C18;C19;C20;C38;C40;C41;C42;C43;C45;C47;C49;C50;C51;C52;O10;O12;O13;O3;O8;O9,C12;C28;C29;C3;C30;C37;C38;C39;C40;C41;C42;C43;C48;C5;C52;O10;O11;O12;O13;O2;O3;O4;O8,219.79367602677587,0.2129187281187997,36,0,0
5_model_1_b2_d0,5_model_1,0,0.64,0.6,0.71,0.46,0.54,0.65,0.04,0.0,2.7099863756287554,1.5776515888234306,2.967633599329331,40.99570949963452,31.8999840040371,3.2502099932158224,11,9,1,5.594606867332146,5.231744833227249,18.219628810708524,13.838887274633029,0.3333333333333333,0.08108108108108109,1,21,16;17;20;21;45;48;51;52;55,1;6;17;20;21;25;51;52;54;55;56;58;59;60;62,C12;C13;C16;C17;C18;C21;C22;C23;C36;C42;C45;C49;C50;C51;C52;O7;O9,C12;C28;C29;C3;C30;C37;C38;C39;C40;C41;C42;C43;C48;C5;C52;O10;O11;O12;O13;O2;O3;O4;O8,245.6058913865881,0.2493634774317437,37,0,0
5_model_1_b2_d0,5_model_1,1,0.63,0.59,0.71,0.42,0.24,0.7,0.03,0.0,2.6742117068952616,1.5204059974961264,1.7649399320810728,35.39900595339202,0.831953951390978,5.438799407957605,0,20,0,17.51494701676257,6.559382669123672,10.817930208685947,6.192187497161241,0.34615384615384615,0.0,2,21;25,1;3;5;6;9;10;13;16;20;21;25;32;36;41;45;48;51;52;55;59,1;6;17;20;21;25;51;52;54;55;56;58;59;60;62,,C12;C28;C29;C3;C30;C37;C38;C39;C40;C41;C42;C43;C48;C5;C52;O10;O11;O12;O13;O2;O3;O4;O8,606.9801003764908,0.5916699667750246,47,0,0
5_model_1_b2_d0,5_model_1,2,0.63,0.61,0.73,0.5,0.44,0.62,0.0,0.0,3.2117327560260125,1.6813521428329572,3.588233731041141,40.036210419048295,33.988770904079814,3.2691278653487994,8,13,3,5.576148491566558,5.920565935786882,18.127425244639678,17.02988185513922,0.3333333333333333,0.05714285714285714,0,,1;6;9;10;12;13;14;16;17;55;58;59;62,1;6;17;20;21;25;51;52;54;55;56;58;59;60;62,C12;C13;C16;C18;C20;C22;C27;C45;C47;C50;C51;C52;O7;O9,C12;C28;C29;C3;C30;C37;C38;C39;C40;C41;C42;C43;C48;C5;C52;O10;O11;O12;O13;O2;O3;O4;O8,312.15382968856017,0.3146483373964707,39,0,0
5_model_1_b2_d0,5_model_1,3,0.59,0.55,0.69,0.43,0.52,0.57,0.03,0.0,2.4973767391255572,1.514478010822155,2.0697833996268074,38.23820062849083,33.70939222651295,3.4080356512219763,10,9,1,4.6934358416835735,6.429433023214411,10.977668377210163,16.836761386917615,0.2,0.24242424242424243,0,,9;12;13;16;17;20;45;55;56,1;6;17;20;21;25;51;52;54;55;56;58;59;60;62,C12;C13;C18;C20;C21;C22;C35;C36;C37;C38;C39;C42;C43;C45;C49;C50;C52;O12,C12;C28;C29;C3;C30;C37;C38;C39;C40;C41;C42;C43;C48;C5;C52;O10;O11;O12;O13;O2;O3;O4;O8,348.51106258953445,0.33883029049398755,37,0,0
5_model_1_b2_d0,5_model_1,4,0.56,0.51,0.63,0.42,0.58,0.5,0.05,0.0,2.756849714156112,1.5588410422320882,3.6227649998567033,42.22528105173136,32.60601400227408,3.019735418873648,11,7,2,4.141559730343149,4.450415036825216,14.511075046322377,14.636296867718967,0.15789473684210525,0.15625,0,,1;5;9;12;16;17;20,1;6;17;20;21;25;51;52;54;55;56;58;59;60;62,C12;C20;C21;C22;C24;C36;C37;C38;C43;C45;C50;C51;C52;O6,C12;C28;C29;C3;C30;C37;C38;C39;C40;C41;C42;C43;C48;C5;C52;O10;O11;O12;O13;O2;O3;O4;O8,187.28484176657165,0.1875388644013304,33,0,0
5_model_1_b3_d0,5_model_1,0,0.82,0.81,0.85,0.65,0.5,0.93,0.0,0.0,2.421653399906391,1.6514572509062162,1.2937144109000198,37.96957116575531,0.8667531068536828,10.437269087266074,0,19,0,22.99497045007886,12.364823452035212,13.173536617021261,15.515975541357365,0.030303030303030304,0.0,1,21,11;14;15;18;19;21;23;24;26;27;30;31;33;34;35;37;38;46;49,1;6;17;20;21;25;51;52;54;55;56;58;59;60;62,,C12;C28;C29;C3;C30;C37;C38;C39;C40;C41;C42;C43;C48;C5;C52;O10;O11;O12;O13;O2;O3;O4;O8,568.8534701331374,0.5599984557171481,45,0,0
5_model_1_b3_d0,5_model_1,1,0.74,0.73,0.81,0.47,0.38,0.92,0.0,0.0,3.1288847874334,1.8477904220668282,4.745802883589608,35.55109026922499,0.6638118874632676,11.101768147461916,0,15,0,23.95938440361104,13.549339836316749,12.348712807414381,15.287210536916144,0.034482758620689655,0.0,1,21,3;7;8;11;14;15;18;19;21;27;29;30;33;36;37,1;6;17;20;21;25;51;52;54;55;56;58;59;60;62,,C12;C28;C29;C3;C30;C37;C38;C39;C40;C41;C42;C43;C48;C5;C52;O10;O11;O12;O13;O2;O3;O4;O8,577.7822953336602,0.5749661436868654,48,0,0
5_model_1_b3_d0,5_model_1,2,0.75,0.74,0.81,0.49,0.39,0.92,0.0,0.0,2.773789341181532,1.7156326272788955,1.6172105891273907,40.672679536724374,0.8371878416859831,11.348457648508893,0,19,0,24.35580362049259,11.389103257061112,15.303109847348022,15.447062698131317,0.6190476190476191,0.0,3,21;22;25,1;6;9;10;12;13;16;17;20;21;22;25;51;52;54;55;58;59;62,1;6;17;20;21;25;51;52;54;55;56;58;59;60;62,,C12;C28;C29;C3;C30;C37;C38;C39;C40;C41;C42;C43;C48;C5;C52;O10;O11;O12;O13;O2;O3;O4;O8,564.1053717162569,0.558941228058161,43,0,0
5_model_1_b3_d0,5_model_1,3,0.72,0.7,0.78,0.42,0.34,0.91,0.0,0.0,2.2384592327267057,1.5600372915613316,6.799826117487712,37.30484998278327,0.9311169757258023,6.183791231922371,0,17,0,19.434090253984106,7.853901068895635,13.222172930346963,14.024173451579955,0.28,0.0,3,21;22;25,13;16;17;20;21;22;25;46;47;48;49;50;51;53;54;57;62,1;6;17;20;21;25;51;52;54;55;56;58;59;60;62,,C12;C28;C29;C3;C30;C37;C38;C39;C40;C41;C42;C43;C48;C5;C52;O10;O11;O12;O13;O2;O3;O4;O8,581.6979764170943,0.5752621313857486,47,0,0
5_model_1_b3_d0,5_model_1,4,0.76,0.74,0.82,0.5,0.39,0.93,0.01,0.0,2.4261640089484238,1.657101674028203,2.918977448337212,40.435157108901016,0.7925876111259045,10.916610508761408,0,21,0,24.22432023814084,11.359078351697375,15.200392001524172,15.850839536125525,0.6363636363636364,0.0,1,25,1;2;5;6;9;10;12;13;17;20;24;25;51;52;54;55;56;58;59;60;62,1;6;17;20;21;25;51;52;54;55;56;58;59;60;62,,C12;C28;C29;C3;C30;C37;C38;C39;C40;C41;C42;C43;C48;C5;C52;O10;O11;O12;O13;O2;O3;O4;O8,579.0775216248575,0.5747243761085705,43,0,0
5_model_3_b0_d0,5_model_3,0,0.74,0.73,0.81,0.55,0.79,0.81,0.0,0.0,1.1059433937981258,0.8853982800554577,0.8461592277310205,19.582180336760718,11.268952280362344,3.4761314704711612,9,7,2,7.572423984431932,3.8692978691230273,3.076777210004,8.032007532366984,0.0,0.045454545454545456,0,,3;4;5;8;9;12;13,2;51;52;55,C12;C13;C22;C23;C45;C46;C47;C50;O8,C3;C32;C4;C41;C42;C43;C48;C49;O10;O11;O13;O2;O8;O9,263.3289769023047,0.2712414040638106,33,0,0
5_model_3_b0_d0,5_model_3,1,0.72,0.7,0.79,0.53,0.82,0.78,0.0,0.0,1.3628990382141422,0.965548767440047,0.8767386239596944,19.755169246087526,11.229332963000397,3.0983707008684425,6,6,1,6.8617357133599945,4.5142287270363255,3.412985350100407,7.531839815078384,0.0,0.0,0,,3;4;5;8;9;12,2;51;52;55,C12;C23;C36;C38;C45;C46;C50,C3;C32;C4;C41;C42;C43;C48;C49;O10;O11;O13;O2;O8;O9,260.6339616444227,0.2721858553788145,36,0,0
5_model_3_b0_d0,5_model_3,2,0.63,0.61,0.69,0.38,0.85,0.61,0.0,0.0,1.3252378052449292,1.0356653534146933,0.811829780475027,23.04136507535315,11.200499005295374,3.348350190765597,6,4,1,8.411369983540137,5.897492602793157,9.289818620403738,3.4026544050197045,0.3333333333333333,0.0,0,,52;54;55;59,2;51;52;55,C12;C13;C16;C18;C19;C21;C22;C45;C46;C47;C50,C3;C32;C4;C41;C42;C43;C48;C49;O10;O11;O13;O2;O8;O9,373.0653318909717,0.37878012036503544,40,0,0
5_model_3_b0_d0,5_model_3,3,0.62,0.6,0.71,0.39,0.8,0.65,0.0,0.0,0.6677006240066164,0.567932299306656,0.4725496491390014,23.564270877926837,10.982063744854475,3.3117978501110232,6,6,1,8.116958851688235,4.747203281933479,10.23710085912999,2.863175509814234,0.42857142857142855,0.0,0,,51;52;54;55;58;59,2;51;52;55,C12;C13;C16;C18;C21;C22;C23;C45;C46;C47,C3;C32;C4;C41;C42;C43;C48;C49;O10;O11;O13;O2;O8;O9,345.304596047648,0.3472330846845932,40,0,0
5_model_3_b0_d0,5_model_3,4,0.51,0.48,0.64,0.27,0.73,0.52,0.0,0.0,1.0970769883084523,0.8448206100290714,0.3329485362869028,19.820969329381718,11.141353559101542,3.362716312744802,6,5,1,6.842711889302369,4.155305163282234,3.469063994797444,5.860364323145788,0.125,0.04,0,,2;3;4;5;8,2;51;52;55,C12;C13;C19;C20;C21;C22;C23;C44;C45;C46;C47;C49,C3;C32;C4;C41;C42;C43;C48;C49;O10;O11;O13;O2;O8;O9,293.48240207048,0.29725596586746295,32,0,0
5_model_3_b1_d0,5_model_3,0,0.62,0.59,0.72,0.4,0.47,0.73,0.0,0.0,2.7978599602296974,1.6057257553669866,1.1598518421721293,39.02587716676318,30.864343665627338,2.788524520243635,5,11,1,8.46614959707186,3.3502326784866754,10.47282745966914,14.544585040488435,0.0,0.15,0,,5;8;9;12;16;19;56;57;59;60;62,2;51;52;55,C19;C20;C23;C26;C27;C51;O10;O8;O9,C3;C32;C4;C41;C42;C43;C48;C49;O10;O11;O13;O2;O8;O9,393.21110894138167,0.39551256460843115,38,0,0
5_model_3_b1_d0,5_model_3,1,0.56,0.53,0.67,0.33,0.49,0.64,0.0,0.0,2.5314191728619146,1.4872111937400243,1.3722954866231676,41.49533314314287,30.729882997400885,3.2103890729941127,5,6,0,7.70936086845077,5.469150208213338,14.710025152935668,17.1712591559268,0.42857142857142855,0.15,0,,48;51;52;54;55;56,2;51;52;55,C21;C4;C44;C46;C48;C5;C50;O11;O7,C3;C32;C4;C41;C42;C43;C48;C49;O10;O11;O13;O2;O8;O9,268.9208547460618,0.2727994222782361,44,0,0
5_model_3_b1_d0,5_model_3,2,0.64,0.61,0.73,0.44,0.49,0.72,0.0,0.0,2.797819418260551,1.6029405656529683,1.5154074977417609,37.00453263704012,31.04522220928959,3.3540378650218012,5,11,1,11.826177150711045,4.343936693829689,8.24362911586881,13.064239817149716,0.0,0.09523809523809523,0,,3;4;5;8;12;19;56;57;59;60;62,2;51;52;55,C18;C19;C20;C24;C44;C45;C48;C51;O9,C3;C32;C4;C41;C42;C43;C48;C49;O10;O11;O13;O2;O8;O9,415.6190945017639,0.42779497289411317,41,2,0
5_model_3_b1_d0,5_model_3,3,0.59,0.57,0.69,0.36,0.49,0.69,0.0,0.0,2.626017041795804,1.5283767403400812,0.8659814226898812,40.96686085457148,30.629595937420934,3.4335576302138864,7,8,2,6.5744758726456665,6.11568802343612,14.018851664811923,16.747446521783555,0.2,0.041666666666666664,0,,44;48;52;54;55;56;58;59,2;51;52;55,C15;C19;C20;C22;C23;C44;C45;C48;C51;C6;O5,C3;C32;C4;C41;C42;C43;C48;C49;O10;O11;O13;O2;O8;O9,341.1352313574363,0.3361881864520536,45,0,0
5_model_3_b1_d0,5_model_3,4,0.55,0.52,0.65,0.28,0.38,0.66,0.0,0.0,2.653454367265154,1.553784370481673,0.6072163475111094,42.385074617450826,31.667373773743837,3.1702004668474837,9,8,3,9.018152360655701,3.1932555488090837,13.471988940019212,17.55145837245441,0.3333333333333333,0.16666666666666666,0,,44;48;51;52;55;56;58;59,2;51;52;55,C17;C18;C19;C21;C23;C26;C45;C46;C48;C50;C52;O10;O11;O8,C3;C32;C4;C41;C42;C43;C48;C49;O10;O11;O13;O2;O8;O9,329.0558599642612,0.3315906172024217,35,0,0
5_model_3_b2_d0,5_model_3,0,0.53,0.51,0.62,0.28,0.79,0.36,0.0,0.0,2.7571345444649573,1.5932762154619127,0.38093374266456526,44.885794811370594,24.945313725424278,3.44214961906074,5,14,1,5.962531844778693,5.319524884799392,21.221615042215802,17.98925682178116,0.0,0.041666666666666664,1,22,8;9;12;13;15;16;17;19;20;22;23;53;56;60,2;51;52;55,C12;C13;C16;C18;C19;C22;C36;C44;C45;C47;C49,C3;C32;C4;C41;C42;C43;C48;C49;O10;O11;O13;O2;O8;O9,402.67002554232016,0.40445737536915843,48,0,0
5_model_3_b2_d0,5_model_3,1,0.57,0.55,0.65,0.34,0.81,0.41,0.0,0.0,2.692311572184367,1.5396662662780463,0.30835619848390444,44.53791967809874,24.709962112965172,3.0812765211840367,5,12,0,7.314548311413357,4.732582064792959,19.963154685570117,17.621724546706545,0.0,0.0,1,22,12;15;16;17;19;20;22;23;53;57;60;61,2;51;52;55,C12;C13;C18;C19;C20;C21;C23;C45;C47,C3;C32;C4;C41;C42;C43;C48;C49;O10;O11;O13;O2;O8;O9,446.9818234020612,0.44404283776110076,47,0,0
5_model_3_b2_d0,5_model_3,2,0.56,0.54,0.64,0.31,0.83,0.37,0.0,0.0,2.717554600962998,1.5331121011510687,0.3757511981474593,44.9673001588349,25.447705494423822,3.2806118331799023,5,13,0,7.128573910678067,5.002877871785398,20.202715312551433,18.01790465065236,0.0,0.0,1,22,9;12;15;16;17;19;20;22;23;53;57;60;61,2;51;52;55,C12;C13;C19;C20;C21;C45;C47,C3;C32;C4;C41;C42;C43;C48;C49;O10;O11;O13;O2;O8;O9,461.34932144460083,0.47324299643979717,50,0,0
5_model_3_b2_d0,5_model_3,3,0.72,0.7,0.78,0.57,0.72,0.74,0.0,0.0,2.6817318793720677,1.538623459900351,0.6858390944249106,43.07665397371299,22.413352161014114,3.06787385659841,5,13,2,9.010061542520118,4.960996875628929,18.317881154762414,16.90232838989942,0.0,0.05,1,22,8;12;15;16;19;20;22;23;53;56;57;60;61,2;51;52;55,C19;C22;C44;C45;C47;C51;O9,C3;C32;C4;C41;C42;C43;C48;C49;O10;O11;O13;O2;O8;O9,384.386846416346,0.3820350806784414,48,0,0
5_model_3_b2_d0,5_model_3,4,0.58,0.57,0.66,0.34,0.84,0.4,0.0,0.0,2.7354754396749534,1.5550455524314575,0.34196581436912554,44.75656658739735,25.267703612101197,3.1541073222070297,5,15,0,7.465519807756189,5.239976812925798,20.08173540807666,17.759239454436106,0.0,0.0,2,21;22,8;12;15;16;17;19;20;21;22;23;24;53;57;60;61,2;51;52;55,C12;C13;C18;C19;C20;C21;C23;C45;C47,C3;C32;C4;C41;C42;C43;C48;C49;O10;O11;O13;O2;O8;O9,490.56576660384314,0.4943539400587044,49,0,0
5_model_3_b3_d0,5_model_3,0,0.59,0.57,0.66,0.38,0.82,0.55,0.0,0.0,1.1396456882890706,0.9347524147811697,0.5900684613430927,20.9250118176962,10.752506484580028,3.4141413268931915,9,8,0,7.871248820866992,6.010631747162689,3.015289206693116,6.6442457058721125,0.0,0.0,0,,5;8;9;12;16;19;59;60,2;51;52;55,C12;C13;C18;C19;C21;C22;C23;C45;C46;C47;C50,C3;C32;C4;C41;C42;C43;C48;C49;O10;O11;O13;O2;O8;O9,391.7926798582859,0.39102035104353416,41,0,0
5_model_3_b3_d0,5_model_3,1,0.49,0.45,0.63,0.29,0.59,0.53,0.0,0.0,0.8804399978143217,0.7976998681449438,0.6897125897708112,5.3084252256273485,7.25807756573315,3.0991523034533173,10,1,1,8.519761792444669,3.729298325422625,4.1260233882032225,4.910519728093962,0.0,0.07407407407407407,0,,8,2;51;52;55,C18;C20;C21;C23;C24;C36;C38;C44;C45;C47;C50;C51;C52;O8;O9,C3;C32;C4;C41;C42;C43;C48;C49;O10;O11;O13;O2;O8;O9,201.26409131700524,0.20273513511118715,36,0,0
5_model_3_b3_d0,5_model_3,2,0.71,0.69,0.78,0.5,0.75,0.78,0.0,0.0,1.8321054139457524,1.1098840022719954,1.4100089408376513,19.762871952080406,11.256912744181863,3.1459782262437863,11,8,3,7.379867546236856,4.530548531910899,3.331038726883853,7.112277131833376,0.0,0.0,0,,3;4;5;6;8;9;12;13,2;51;52;55,C12;C19;C23;C24;C44;C45;C46;C47;C50,C3;C32;C4;C41;C42;C43;C48;C49;O10;O11;O13;O2;O8;O9,265.6657458779223,0.2662529838947087,40,0,0
5_model_3_b3_d0,5_model_3,3,0.57,0.54,0.68,0.36,0.69,0.63,0.0,0.0,1.0447297770811492,0.7353032653750353,0.37172310646443485,8.659839203910472,7.459826414895271,3.4930108788837164,7,4,0,6.685505964397908,4.291517330735134,3.2054742238863825,4.31935932749291,0.0,0.04,0,,8;58;59;62,2;51;52;55,C12;C17;C18;C19;C20;C21;C22;C36;C45;C46;C47;C49,C3;C32;C4;C41;C42;C43;C48;C49;O10;O11;O13;O2;O8;O9,299.2047607291163,0.2931307541707751,41,0,0
5_model_3_b3_d0,5_model_3,4,0.61,0.59,0.71,0.41,0.76,0.68,0.0,0.0,1.2185508024028826,0.9454120133994159,0.7737776209808569,8.242630009517898,7.95854233777413,3.3183973541455223,9,6,1,6.805774166103369,3.792199098148725,2.102957203558836,3.3029775960487533,0.1111111111111111,0.06666666666666667,0,,5;8;55;56;58;59,2;51;52;55,C12;C13;C16;C17;C18;C19;C20;C21;C22;C23;C36;C44;C45;C46;C47;C49;C50;O8,C3;C32;C4;C41;C42;C43;C48;C49;O10;O11;O13;O2;O8;O9,240.24177901021622,0.2485720170713264,28,0,0
5_model_5_b0_d0,5_model_5,0,0.7,0.69,0.75,0.54,0.82,0.71,0.0,0.0,2.065193606293657,1.5086237817556154,1.0406833242753915,26.065949824085596,9.947682174795599,3.5053246639933366,8,14,3,6.370973708939632,5.764772502016017,2.7361200631551243,2.78957362333386,0.5333333333333333,0.08695652173913043,0,,4;5;7;8;11;15;35;36;42;46;50;53;54;57,3;4;7;8;11;35;50;53;54,C12;C20;C22;C23;C24;C45;C49;C50;C51,C12;C26;C3;C30;C4;C41;C42;C43;C49;C8;O10;O11;O13;O2;O3;O8,266.0726344864397,0.2573611293716486,39,2,0
5_model_5_b0_d0,5_model_5,1,0.66,0.64,0.71,0.45,0.82,0.62,0.0,0.0,3.001483980394946,1.8015260351758264,0.7586867853323794,25.555069265594106,9.751442134295077,3.5592450042108643,9,13,2,5.4272411960405815,6.544140890903862,2.515475501769,2.757693964166437,0.5714285714285714,0.13043478260869565,0,,4;5;7;8;11;35;36;37;46;50;53;54;57,3;4;7;8;11;35;50;53;54,C12;C13;C19;C20;C23;C42;C43;C45;C47;C50,C12;C26;C3;C30;C4;C41;C42;C43;C49;C8;O10;O11;O13;O2;O3;O8,261.60822188617846,0.25622623175387427,40,0,0
5_model_5_b0_d0,5_model_5,2,0.65,0.63,0.7,0.43,0.82,0.61,0.0,0.0,1.8882573081922414,1.2980687047393706,0.5979154928352971,25.4020287278921,9.907627735348036,3.4834102543341054,9,14,2,5.546550369373742,6.677073086315589,2.763820725010941,2.9379014619282247,0.5333333333333333,0.09090909090909091,0,,4;5;7;8;11;35;36;37;42;46;50;53;54;57,3;4;7;8;11;35;50;53;54,C12;C13;C19;C20;C23;C42;C45;C50,C12;C26;C3;C30;C4;C41;C42;C43;C49;C8;O10;O11;O13;O2;O3;O8,265.7889486698206,0.26082347584181964,43,0,0
5_model_5_b0_d0,5_model_5,3,0.67,0.65,0.72,0.48,0.82,0.67,0.0,0.0,2.0258548352755645,1.4668914768388595,0.8608728991792981,25.759314145778895,10.085063660394821,3.5206530644185885,9,14,3,6.403274552914313,6.28456124164607,2.08632308140422,2.978880997958797,0.4375,0.125,0,,4;5;8;11;15;35;36;37;38;42;46;50;53;54,3;4;7;8;11;35;50;53;54,C12;C13;C19;C20;C23;C36;C42;C45;C47;C49;C50,C12;C26;C3;C30;C4;C41;C42;C43;C49;C8;O10;O11;O13;O2;O3;O8,271.3694644201473,0.2689986116619256,37,0,0
5_model_5_b0_d0,5_model_5,4,0.62,0.6,0.68,0.39,0.8,0.56,0.0,0.0,2.7029747907738795,1.5187098094053135,0.7200580391369134,25.69808531884913,9.79771556557477,3.521243530345494,8,16,3,6.392897543367953,6.0230033206034355,2.5115632582119054,2.9294446572686774,0.47058823529411764,0.125,0,,1;4;5;7;8;11;15;35;36;37;42;46;50;53;54;57,3;4;7;8;11;35;50;53;54,C12;C13;C19;C20;C23;C36;C42;C45;C47;C49;C50,C12;C26;C3;C30;C4;C41;C42;C43;C49;C8;O10;O11;O13;O2;O3;O8,263.9636309782074,0.2542535474745055,37,0,0
5_model_5_b1_d0,5_model_5,0,0.6,0.58,0.68,0.42,0.75,0.57,0.0,0.0,2.6750436683265026,1.5868400147669395,1.1068819803890135,39.44370862039554,31.411891931836163,3.2314236800518747,9,11,2,8.089753889952402,3.3257902820232075,7.45760832975291,15.79931656749747,0.25,0.038461538461538464,1,25,3;6;7;10;11;13;14;18;25;28;35,3;4;7;8;11;35;50;53;54,C20;C21;C22;C23;C24;C45;C46;C47;C50;C52;O8,C12;C26;C3;C30;C4;C41;C42;C43;C49;C8;O10;O11;O13;O2;O3;O8,241.3765222766928,0.24887908766562908,39,0,0
5_model_5_b1_d0,5_model_5,1,0.56,0.53,0.65,0.34,0.75,0.56,0.0,0.0,3.352892063470918,1.8758216168254296,1.1642071204974458,42.881285462484946,32.37532605296187,3.047225295248122,9,15,4,7.979807892424478,4.28396696999405,19.827584169535125,12.436958671636727,0.5,0.0,0,,4;5;7;8;11;14;35;36;37;38;42;46;50;53;54,3;4;7;8;11;35;50;53;54,C18;C19;C20;C21;C22;C23;C36;C44;C45;C46;C50;C52;O7,C12;C26;C3;C30;C4;C41;C42;C43;C49;C8;O10;O11;O13;O2;O3;O8,183.65284649975644,0.18712568644768807,31,0,0
5_model_5_b1_d0,5_model_5,2,0.57,0.55,0.63,0.36,0.75,0.5,0.0,0.0,2.5648018101518892,1.8564187126226277,1.7746313708010353,25.459347514268316,6.619321246569028,3.223956265212045,6,14,1,6.413231088928575,5.2058872442649005,11.104585629369518,6.391268105783078,0.35294117647058826,0.08,0,,4;5;8;11;15;18;19;46;50;53;54;56;57;60,3;4;7;8;11;35;50;53;54,C12;C13;C20;C21;C22;C36;C38;C45;C49;C50;C52,C12;C26;C3;C30;C4;C41;C42;C43;C49;C8;O10;O11;O13;O2;O3;O8,304.37838787092545,0.2995258245489001,31,3,0
5_model_5_b1_d0,5_model_5,3,0.61,0.58,0.7,0.48,0.68,0.55,0.0,0.0,2.897158793437372,1.5947051916862371,1.182702942836108,36.81295158551035,31.507441137070572,2.8409676168516946,12,13,5,6.26765259088281,3.8028271062460886,12.626205249400945,16.572449094807926,0.15789473684210525,0.029411764705882353,0,,6;7;10;11;13;14;15;18;28;31;32;35;36,3;4;7;8;11;35;50;53;54,C14;C15;C18;C20;C21;C22;C24;C44;C45;C50;C51;C52;C6;O4;O5;O6;O7;O8;O9,C12;C26;C3;C30;C4;C41;C42;C43;C49;C8;O10;O11;O13;O2;O3;O8,306.46875126274665,0.30450785003105896,38,0,0
5_model_5_b1_d0,5_model_5,4,0.5,0.48,0.6,0.27,0.71,0.3,0.0,0.0,2.9208783067745916,1.5621372902790052,0.9931307915219961,41.888811489372536,35.08672751958292,3.4526308809370283,8,13,2,7.331380088359899,4.742793375216761,14.185325762914292,13.698161372972653,0.375,0.03571428571428571,0,,5;7;8;11;15;46;49;50;52;53;54;57;60,3;4;7;8;11;35;50;53;54,C12;C13;C18;C19;C20;C21;C22;C23;C36;C44;C45;C50;O7,C12;C26;C3;C30;C4;C41;C42;C43;C49;C8;O10;O11;O13;O2;O3;O8,368.8846051073297,0.3709517387326965,41,0,0
5_model_5_b2_d0,5_model_5,0,0.6,0.59,0.67,0.35,0.8,0.45,0.0,0.0,2.22185320886115,1.5122284769033767,0.6967894626749689,45.449966714501315,33.44962217629478,3.3570594275347583,10,8,2,6.916369061870543,4.485457501749403,11.732371712488487,15.916537406106894,0.4166666666666667,0.03333333333333333,0,,1;3;4;7;10;11;35;36,3;4;7;8;11;35;50;53;54,C12;C13;C19;C20;C21;C22;C23;C36;C37;C38;C44;C45;C46;C47;C50,C12;C26;C3;C30;C4;C41;C42;C43;C49;C8;O10;O11;O13;O2;O3;O8,231.73848253462228,0.23911173127947338,31,0,0
5_model_5_b2_d0,5_model_5,1,0.62,0.6,0.68,0.4,0.79,0.5,0.0,0.0,2.4582969608141583,1.618919996914289,0.6954074243565315,45.120182691259494,33.54269450431756,3.3640020808554794,9,13,4,7.735803319630094,3.522005394657992,11.522895035536859,16.714155497661256,0.375,0.03333333333333333,0,,1;3;4;7;10;11;14;18;35;36;46;49;53,3;4;7;8;11;35;50;53;54,C13;C19;C20;C21;C22;C23;C36;C37;C38;C45;C46;C47;C50;C52;O8,C12;C26;C3;C30;C4;C41;C42;C43;C49;C8;O10;O11;O13;O2;O3;O8,236.48658095150276,0.2387519055226563,32,0,0
5_model_5_b2_d0,5_model_5,2,0.63,0.62,0.69,0.44,0.79,0.52,0.0,0.0,2.3529574579553993,1.6144589603712403,0.7495170486554048,44.74467289699953,33.86734673680483,3.1063351396782672,9,14,3,7.382731608287004,5.69495794541101,11.864268751170465,16.268797158978902,0.35294117647058826,0.03333333333333333,0,,1;3;4;7;10;11;13;14;36;38;46;49;53;54,3;4;7;8;11;35;50;53;54,C12;C13;C14;C16;C19;C20;C21;C22;C23;C36;C45;C46;C47;C50;O7,C12;C26;C3;C30;C4;C41;C42;C43;C49;C8;O10;O11;O13;O2;O3;O8,277.6778348284331,0.29040402049146924,35,0,0
5_model_5_b2_d0,5_model_5,3,0.63,0.61,0.69,0.41,0.79,0.51,0.0,0.0,2.16493587978539,1.5209591073638744,0.7963455239593578,44.14381615077303,33.80737469745726,3.420095027919547,9,14,3,7.449099610019993,6.237655408885618,9.88131590427105,15.31623429567464,0.35294117647058826,0.0,0,,1;3;4;5;7;10;11;36;37;38;46;49;53;54,3;4;7;8;11;35;50;53;54,C13;C19;C20;C22;C36;C38;C45;C47;C50;C52,C12;C26;C3;C30;C4;C41;C42;C43;C49;C8;O10;O11;O13;O2;O3;O8,274.49000840295804,0.2816839828377357,37,0,0
5_model_5_b2_d0,5_model_5,4,0.62,0.61,0.69,0.39,0.8,0.51,0.0,0.0,2.372686858400521,1.6810507437281104,0.6476124321013383,45.527421701321146,32.929932817240264,3.414563808160568,9,9,2,7.76902825326308,3.8625294820881306,11.432924997567332,17.276985674590346,0.2857142857142857,0.037037037037037035,0,,1;3;4;7;10;11;14;36;46,3;4;7;8;11;35;50;53;54,C19;C20;C22;C23;C36;C38;C44;C45;C47;C50;C52;O8,C12;C26;C3;C30;C4;C41;C42;C43;C49;C8;O10;O11;O13;O2;O3;O8,214.12723771737348,0.223646622139639,38,0,0
5_model_5_b3_d0,5_model_5,0,0.65,0.64,0.71,0.48,0.77,0.66,0.0,0.0,2.782940431623972,1.5652647747084212,1.8747341050690114,39.839442620223195,32.61863908562517,3.0754424071993287,10,11,2,7.951623356271348,5.963230751865972,13.226516586010087,15.953049018917984,0.17647058823529413,0.034482758620689655,1,21,2;3;6;10;11;13;14;15;18;21;35,3;4;7;8;11;35;50;53;54,C12;C13;C18;C19;C20;C22;C44;C45;C47;C48;C50;C51;C52;O7,C12;C26;C3;C30;C4;C41;C42;C43;C49;C8;O10;O11;O13;O2;O3;O8,284.3558136124139,0.2622596251473305,34,0,0
5_model_5_b3_d0,5_model_5,1,0.6,0.58,0.69,0.43,0.67,0.6,0.0,0.0,3.0881605811013686,1.5426775197622462,1.1718710501153935,41.24800658880749,33.646717630093,3.332394934577833,7,11,2,8.006923878743947,5.1545910604043055,14.16500215319433,16.752653939003217,0.17647058823529413,0.0,0,,2;3;6;7;10;11;13;14;15;17;18,3;4;7;8;11;35;50;53;54,C19;C22;C44;C45;C50;C51;C52;O7;O9,C12;C26;C3;C30;C4;C41;C42;C43;C49;C8;O10;O11;O13;O2;O3;O8,370.0379884902175,0.36680510601564204,41,0,0
5_model_5_b3_d0,5_model_5,2,0.57,0.55,0.64,0.28,0.85,0.29,0.0,0.0,2.532036554796863,1.4095801994818524,1.1100424789767764,46.0969674401976,39.125152321954,3.4425584962350313,9,15,2,7.100963526170235,5.45581616259199,17.820024382699366,13.604289066320225,0.4117647058823529,0.03333333333333333,0,,1;2;4;5;7;8;11;46;49;50;53;54;56;57;60,3;4;7;8;11;35;50;53;54,C12;C13;C18;C19;C20;C22;C23;C24;C36;C44;C45;C46;C50;C51;C52,C12;C26;C3;C30;C4;C41;C42;C43;C49;C8;O10;O11;O13;O2;O3;O8,462.5886273865645,0.46090235275975106,45,0,0
5_model_5_b3_d0,5_model_5,3,0.63,0.62,0.68,0.4,0.86,0.55,0.0,0.0,3.1393272605598392,1.5481881649798954,1.427157168902075,38.851367146448794,34.345605393339056,3.5605697577775377,9,8,1,7.650597950487269,6.912518860733763,14.636194655715672,16.583834448040054,0.21428571428571427,0.0,0,,3;6;7;11;13;14;15;18,3;4;7;8;11;35;50;53;54,C13;C18;C19;C20;C22;C23;C36;C38;C45;C47;C50;C52;O7,C12;C26;C3;C30;C4;C41;C42;C43;C49;C8;O10;O11;O13;O2;O3;O8,344.59538150610007,0.34386741226368633,42,0,0
5_model_5_b3_d0,5_model_5,4,0.62,0.61,0.69,0.44,0.78,0.57,0.0,0.0,3.0873838560984797,1.8042799221054844,1.5214192554566384,38.82457303555265,33.00265005851395,3.2862819416477342,8,11,1,8.886855293071898,6.61744210401572,13.374128943598532,16.120773027370618,0.17647058823529413,0.0,1,25,2;3;6;7;11;13;14;15;18;25;28,3;4;7;8;11;35;50;53;54,C20;C22;C36;C38;C44;C45;C50;C52;O12;O7,C12;C26;C3;C30;C4;C41;C42;C43;C49;C8;O10;O11;O13;O2;O3;O8,305.75953672119863,0.30634830086085907,45,0,0
6_model_3_b0_d0,6_model_3,0,0.68,0.65,0.77,0.38,0.27,0.93,0.02,0.0,1.4980198563899108,0.8156674324363257,1.403504358789047,49.32965285993684,0.7552040517750911,15.071134197531386,0,13,0,28.218389783968895,16.240586257891064,20.560261136473926,18.301939296151104,0.0,0.0,0,,1;2;3;4;6;7;10;48;52;55;56;59;63,13;16;17;20;25;57;60;61;65,,C1;C11;C12;C2;C40;C41;C42;C43;C49;C52;O12;O13;O2;O3,587.987706708969,0.56952800900636,44,0,1
6_model_3_b0_d0,6_model_3,1,0.59,0.56,0.71,0.17,0.13,0.93,0.01,0.0,1.0556273764413502,0.8662308810877336,1.4583690709591608,57.22402618873041,0.4671057994145898,21.838263919093933,0,9,0,33.26055485105442,26.82165190662201,30.71060901382452,19.060964561112854,0.058823529411764705,0.0,0,,2;3;4;6;10;55;56;59;60,13;16;17;20;25;57;60;61;65,,C1;C11;C12;C2;C40;C41;C42;C43;C49;C52;O12;O13;O2;O3,569.6858874665836,0.5664399820179422,45,0,1
6_model_3_b0_d0,6_model_3,2,0.65,0.61,0.74,0.28,0.2,0.93,0.02,0.0,0.834698524209445,0.7219388636940398,1.8332251997126534,54.85613879288518,0.3953479349040143,20.16107189610711,0,10,0,30.064135809964668,25.327426971565824,28.28356648303039,16.666268028565963,0.11764705882352941,0.0,0,,4;6;7;9;10;13;14;56;59;60,13;16;17;20;25;57;60;61;65,,C1;C11;C12;C2;C40;C41;C42;C43;C49;C52;O12;O13;O2;O3,596.6328460928725,0.5797820804395148,45,1,1
6_model_3_b0_d0,6_model_3,3,0.59,0.55,0.71,0.15,0.12,0.93,0.02,0.0,0.9217486241659564,0.788374046067336,0.8771532590013028,54.49041647639143,0.6432851248968866,19.609966522153982,0,5,0,29.395976238254107,24.637022486493777,28.015122095040027,15.726696697018099,0.0,0.0,0,,43;45;46;47;48,13;16;17;20;25;57;60;61;65,,C1;C11;C12;C2;C40;C41;C42;C43;C49;C52;O12;O13;O2;O3,595.8004287594262,0.5819792968100297,46,0,1
6_model_3_b0_d0,6_model_3,4,0.6,0.57,0.71,0.18,0.14,0.93,0.0,0.0,1.0583065817382291,0.8866099861900687,1.6609790948997507,53.399778797948166,0.4811383085285462,19.09996044498522,0,10,0,29.51108405328412,24.18235637815306,26.50791370515605,16.52691371672279,0.05555555555555555,0.0,0,,4;5;6;7;9;10;13;14;59;63,13;16;17;20;25;57;60;61;65,,C1;C11;C12;C2;C40;C41;C42;C43;C49;C52;O12;O13;O2;O3,561.7313225078165,0.5536055958539274,43,0,1
6_model_3_b1_d0,6_model_3,0,0.6,0.57,0.72,0.22,0.2,0.92,0.0,0.0,0.8704693943407582,0.7243015359705275,1.421720725329538,50.38979641454635,0.35036718810482564,11.357794548238667,0,18,0,22.097486644412754,13.1029244445658,26.103031701317757,9.068895246941604,0.2857142857142857,0.0,1,25,16;19;20;24;25;26;27;29;50;51;53;54;57;58;61;62;64;65,13;16;17;20;25;57;60;61;65,,C1;C11;C12;C2;C40;C41;C42;C43;C49;C52;O12;O13;O2;O3,562.7055827495723,0.5703504898846752,45,0,0
6_model_3_b1_d0,6_model_3,1,0.59,0.56,0.71,0.19,0.13,0.93,0.0,0.0,0.9546912205074858,0.8120738630532651,1.1842854441471842,53.76941442604436,0.4187622830678095,18.853935902086864,0,12,0,29.311176520228596,24.078658226736803,26.85335167162565,15.611392154449264,0.10526315789473684,0.0,1,25,24;25;26;27;28;29;46;50;51;54;57;58,13;16;17;20;25;57;60;61;65,,C1;C11;C12;C2;C40;C41;C42;C43;C49;C52;O12;O13;O2;O3,565.9120492914589,0.5629948188714659,46,0,0
6_model_3_b1_d0,6_model_3,2,0.6,0.57,0.72,0.22,0.19,0.91,0.0,0.0,0.8017399936318373,0.7011880336702919,1.6035444006840487,50.58169935735561,0.41347884700652043,12.125389973110144,0,16,0,23.521228050422877,13.539756164717296,26.643370713931827,10.26689972679192,0.3157894736842105,0.0,1,25,16;19;20;24;25;26;27;50;51;53;54;57;58;61;62;65,13;16;17;20;25;57;60;61;65,,C1;C11;C12;C2;C40;C41;C42;C43;C49;C52;O12;O13;O2;O3,572.3249823752318,0.5702492765067317,45,0,0
6_model_3_b1_d0,6_model_3,3,0.61,0.58,0.72,0.25,0.21,0.91,0.0,0.0,0.7610585412759828,0.7051127052540652,1.7850540686206813,50.3030001589609,0.6194942201572232,11.712108648744685,0,15,0,22.847178425354848,13.382842934145197,26.461473485049922,9.460332499442078,0.3333333333333333,0.0,1,25,16;19;20;25;27;32;50;51;53;54;57;58;61;62;65,13;16;17;20;25;57;60;61;65,,C1;C11;C12;C2;C40;C41;C42;C43;C49;C52;O12;O13;O2;O3,583.3814512003978,0.5748621839197408,46,0,0
6_model_3_b1_d0,6_model_3,4,0.58,0.55,0.71,0.18,0.14,0.91,0.0,0.0,0.9328993186802813,0.8488702841226686,1.1848278719065177,47.045555426996415,0.4976432777823831,12.537296917597509,0,16,0,24.859724314641948,13.666079064603718,25.79626914885174,11.577836153616962,0.25,0.0,1,25,16;19;20;25;26;27;29;32;46;50;51;53;54;57;58;61,13;16;17;20;25;57;60;61;65,,C1;C11;C12;C2;C40;C41;C42;C43;C49;C52;O12;O13;O2;O3,566.0538921997681,0.5604096864923055,44,0,0
6_model_3_b2_d0,6_model_3,0,0.63,0.6,0.73,0.27,0.18,0.93,0.0,0.0,0.7966238829208375,0.6465973316879382,0.9115523800238045,54.006869889678605,0.3844792009884648,18.99156154717142,0,13,0,29.80157393494511,23.995448026657055,27.35899841002956,15.907674908672229,0.2222222222222222,0.0,1,25,20;23;24;25;26;27;28;29;50;53;54;57;61,13;16;17;20;25;57;60;61;65,,C1;C11;C12;C2;C40;C41;C42;C43;C49;C52;O12;O13;O2;O3,564.389057532876,0.5636754736016031,43,0,0
6_model_3_b2_d0,6_model_3,1,0.57,0.54,0.7,0.13,0.11,0.92,0.01,0.0,1.4018754861640905,1.0455303535589398,0.4466789881612315,52.16359622716984,0.6172587982166986,20.065834321054282,0,8,0,30.680642789876483,25.120764498716994,25.958823471028115,16.507102380490647,0.0,0.0,0,,1;30;34;43;45;46;47;48,13;16;17;20;25;57;60;61;65,,C1;C11;C12;C2;C40;C41;C42;C43;C49;C52;O12;O13;O2;O3,576.1361007831789,0.5602300329196698,44,0,1
6_model_3_b2_d0,6_model_3,2,0.58,0.55,0.71,0.17,0.12,0.93,0.0,0.0,0.8403197377261317,0.7401049272224441,4.860653476051355,54.93826454314054,0.4051975862486224,23.004475521080675,0,11,0,34.565807744069865,26.07551151943141,30.80576436318372,18.973911905561277,0.05263157894736842,0.0,0,,16;27;28;29;46;47;50;54;58;59;62,13;16;17;20;25;57;60;61;65,,C1;C11;C12;C2;C40;C41;C42;C43;C49;C52;O12;O13;O2;O3,583.7883398089156,0.5806970154160382,45,0,1
6_model_3_b2_d0,6_model_3,3,0.66,0.64,0.76,0.35,0.24,0.93,0.0,0.0,0.7276962202603751,0.4155078836894511,0.4422726290038257,54.298615664437065,0.6795462784947515,19.4440065058619,0,14,0,30.16124742115286,24.501152809612854,26.956815891347404,16.018127793222277,0.2777777777777778,0.0,1,25,16;20;23;24;25;26;27;29;50;51;54;57;58;61,13;16;17;20;25;57;60;61;65,,C1;C11;C12;C2;C40;C41;C42;C43;C49;C52;O12;O13;O2;O3,569.4022016499642,0.5650526964467989,47,0,0
6_model_3_b2_d0,6_model_3,4,0.61,0.58,0.72,0.22,0.15,0.93,0.0,0.0,0.9373525436929514,0.8377129871864093,0.7967829133207925,54.94732637996628,0.43450287608913407,19.669604698620663,0,11,0,29.970132699072256,24.74866602465676,27.456247922831697,16.248391581938193,0.25,0.0,1,25,16;20;24;25;26;27;29;50;53;54;57,13;16;17;20;25;57;60;61;65,,C1;C11;C12;C2;C40;C41;C42;C43;C49;C52;O12;O13;O2;O3,578.8983984837254,0.5681832839853918,42,0,0
6_model_3_b3_d0,6_model_3,0,0.61,0.59,0.73,0.25,0.21,0.92,0.0,0.0,0.8185637961620773,0.6931760139594708,1.2852616808640016,50.339079992257076,0.35115282595166647,11.410011481151104,0,18,0,21.942817389751937,13.22878206790028,26.119293137449183,8.919915246234126,0.2857142857142857,0.0,1,25,16;19;20;24;25;26;27;29;50;51;53;54;57;58;61;62;64;65,13;16;17;20;25;57;60;61;65,,C1;C11;C12;C2;C40;C41;C42;C43;C49;C52;O12;O13;O2;O3,578.0659811502792,0.565733016270302,46,0,0
6_model_3_b3_d0,6_model_3,1,0.56,0.53,0.69,0.13,0.09,0.92,0.0,0.0,0.9380132276415423,0.8129546688377188,1.1224409348107722,53.94587916079245,0.45661360868438616,19.60421411329717,0,11,0,30.424019507619303,22.91079380990541,32.81423517316837,15.315572010212351,0.17647058823529413,0.0,1,25,16;25;26;27;50;51;53;54;55;57;58,13;16;17;20;25;57;60;61;65,,C1;C11;C12;C2;C40;C41;C42;C43;C49;C52;O12;O13;O2;O3,593.1613338507781,0.5685287459507834,46,0,0
6_model_3_b3_d0,6_model_3,2,0.57,0.53,0.69,0.13,0.09,0.92,0.02,0.0,0.7032399774280003,0.6415623946654566,1.3146763564064352,54.538633274714535,0.38798454167149,20.53460657037285,0,8,0,31.850204473440982,23.840692041130016,33.78714023115896,16.32545475630005,0.13333333333333333,0.0,0,,16;29;50;53;54;55;57;58,13;16;17;20;25;57;60;61;65,,C1;C11;C12;C2;C40;C41;C42;C43;C49;C52;O12;O13;O2;O3,568.9766729250357,0.5760551071214597,45,0,1
6_model_3_b3_d0,6_model_3,3,0.62,0.6,0.73,0.28,0.22,0.91,0.0,0.0,0.7099765351717696,0.6751327566778966,1.1698602542180132,50.642865908180205,0.6113560085679067,12.465697934732736,0,15,0,22.7354961678869,14.378132319602571,27.258956436371513,9.557016323100008,0.3333333333333333,0.0,1,25,16;20;25;27;29;32;50;51;53;54;57;58;61;62;65,13;16;17;20;25;57;60;61;65,,C1;C11;C12;C2;C40;C41;C42;C43;C49;C52;O12;O13;O2;O3,583.9301827172251,0.5727232670391957,47,0,0
6_model_3_b3_d0,6_model_3,4,0.61,0.58,0.72,0.25,0.19,0.91,0.0,0.0,0.9405261188990585,0.8300833897781771,1.2964971981674493,50.25878581323454,0.5508145547810321,12.388749291191585,0,17,0,23.627989440491973,13.911742737701845,26.999797869613765,10.215936080457828,0.3,0.0,1,25,16;19;20;25;26;27;29;32;50;51;53;54;57;58;61;62;65,13;16;17;20;25;57;60;61;65,,C1;C11;C12;C2;C40;C41;C42;C43;C49;C52;O12;O13;O2;O3,575.5500890335292,0.571314457598567,44,0,0
6_model_5_b0_d0,6_model_5,0,0.42,0.41,0.47,0.29,0.22,0.61,0.0,0.0,8.693617017459704,5.069039511290019,6.408909157486052,30.506782741321448,24.518947758832965,3.45798120295643,5,13,2,3.7064438482189366,12.247697048833302,12.641221815948015,7.237001727234836,0.17647058823529413,0.21052631578947367,0,,30;41;44;46;49;50;53;54;57;61;62;64;65,12;15;19;60;61;64;65,C1;C11;C12;C35;C42;C43;C8;O2;O3;O4,C12;C3;C30;C40;C41;C42;C43;C48;C52;O10;O12;O13;O3,336.8385798048766,0.33872613581831573,33,0,0
6_model_5_b0_d0,6_model_5,1,0.43,0.41,0.51,0.3,0.33,0.52,0.0,0.0,9.344026583652164,5.7369486403499454,5.864252286239159,31.0533738016656,26.818269846032518,3.3817944940519378,6,19,3,6.903865221743542,6.229403261950537,4.16242861800656,3.5556435423141055,0.13043478260869565,0.047619047619047616,2,21;25,21;25;26;27;28;30;34;37;38;41;46;49;50;53;54;57;61;64;65,12;15;19;60;61;64;65,C21;C23;C43;C44;C45;C46;C50;O6;O7,C12;C3;C30;C40;C41;C42;C43;C48;C52;O10;O12;O13;O3,428.5195211349549,0.42548574407106216,43,1,0
6_model_5_b0_d0,6_model_5,2,0.32,0.3,0.42,0.25,0.26,0.39,0.0,0.0,6.750436549562336,4.3846347617576935,5.982931899393391,34.24824390377562,27.532409684923874,3.0071099082008956,4,16,1,6.623217496051296,3.6088901340994015,3.771391652957831,10.804149017854206,0.21052631578947367,0.05555555555555555,0,,26;27;41;44;45;46;49;50;53;54;60;61;62;64;65;67,12;15;19;60;61;64;65,C44;C46;O10;O5;O6;O8,C12;C3;C30;C40;C41;C42;C43;C48;C52;O10;O12;O13;O3,388.5116528507542,0.37981486598366426,48,0,0
6_model_5_b0_d0,6_model_5,3,0.46,0.44,0.52,0.28,0.23,0.65,0.0,0.0,7.073268337971969,4.450873078926525,6.507530761333449,33.831284534858455,22.803953911878732,3.474490034523052,4,16,2,6.819436047064302,8.116937723057877,12.148336100059135,9.685425029393393,0.15,0.125,0,,26;30;34;41;44;45;46;49;50;53;54;57;61;64;65;67,12;15;19;60;61;64;65,C3;C4;C44;C48;C5,C12;C3;C30;C40;C41;C42;C43;C48;C52;O10;O12;O13;O3,233.93340860193038,0.23352969248275496,35,0,0
6_model_5_b0_d0,6_model_5,4,0.42,0.4,0.49,0.25,0.26,0.55,0.0,0.0,8.337828021802178,4.908003032580182,6.2298489651405475,29.693450829954287,23.009654925148254,2.6922557456527043,3,13,0,5.1056717481639975,4.449751116635626,14.821330068519492,9.015331108728065,0.1111111111111111,0.05555555555555555,0,,26;34;41;44;45;46;49;50;53;54;57;61;64,12;15;19;60;61;64;65,C19;C21;C46;C48;C9;O4,C12;C3;C30;C40;C41;C42;C43;C48;C52;O10;O12;O13;O3,317.129693572826,0.31130312330515497,44,0,0
6_model_5_b1_d0,6_model_5,0,0.7,0.68,0.78,0.39,0.34,0.93,0.0,0.0,3.0203825568620335,1.6373922526448015,6.5029913983204235,40.511751096430906,0.773254234285168,10.667825879718885,0,17,0,23.727518770406654,10.970021239724199,12.155601877323887,14.133463446728125,0.14285714285714285,0.0,0,,27;30;31;34;35;38;41;42;46;49;50;53;54;57;61;64;65,12;15;19;60;61;64;65,,C12;C3;C30;C40;C41;C42;C43;C48;C52;O10;O12;O13;O3,571.794890974816,0.5740380473846619,43,0,1
6_model_5_b1_d0,6_model_5,1,0.68,0.66,0.77,0.35,0.28,0.93,0.0,0.0,2.865964853587701,1.5982524735774022,6.350974757686357,40.15064035055386,0.6835496445917588,10.77830288125176,0,18,0,24.081094680267338,11.219286296373758,12.68007279158917,14.978710057945577,0.08695652173913043,0.0,0,,27;28;30;31;34;35;38;41;42;44;46;49;50;53;54;57;61;64,12;15;19;60;61;64;65,,C12;C3;C30;C40;C41;C42;C43;C48;C52;O10;O12;O13;O3,592.7358051258494,0.5808048949159244,46,0,1
6_model_5_b1_d0,6_model_5,2,0.66,0.63,0.75,0.29,0.24,0.93,0.0,0.0,2.863159398616239,1.5808320652031627,5.156665636348499,40.282007761984474,0.7114452534132443,10.712358143751542,0,16,0,23.943767330977806,11.180561971564757,12.661263996931744,14.17200232853495,0.09523809523809523,0.0,1,25,25;27;28;30;31;34;38;42;46;49;50;53;54;57;60;61,12;15;19;60;61;64;65,,C12;C3;C30;C40;C41;C42;C43;C48;C52;O10;O12;O13;O3,583.6651370170173,0.5782406635792743,47,0,0
6_model_5_b1_d0,6_model_5,3,0.67,0.65,0.76,0.33,0.27,0.93,0.0,0.0,2.8523501840056706,1.5888523252153541,5.0021797878055825,41.22224856465508,0.9208293070971275,9.168303223606863,0,16,0,22.485682689213597,9.939372263880651,12.827298585438792,14.345222131427594,0.045454545454545456,0.0,0,,27;28;30;31;34;35;38;42;44;46;49;50;53;54;57;61,12;15;19;60;61;64;65,,C12;C3;C30;C40;C41;C42;C43;C48;C52;O10;O12;O13;O3,598.9023326258257,0.5841998205651026,47,0,1
6_model_5_b1_d0,6_model_5,4,0.77,0.75,0.83,0.55,0.44,0.93,0.0,0.0,2.9270207487169633,1.611123847359986,9.705974606035445,39.20219651049772,0.6711341878797145,11.498762846497879,0,19,0,24.05361848038669,11.498762846497879,12.483849125970723,15.647256916149873,0.0,0.0,1,25,25;26;29;32;33;34;36;37;40;41;45;48;51;52;55;56;58;59;62,12;15;19;60;61;64;65,,C12;C3;C30;C40;C41;C42;C43;C48;C52;O10;O12;O13;O3,578.2078240585888,0.5711801509270557,46,0,0
6_model_5_b2_d0,6_model_5,0,0.7,0.68,0.78,0.42,0.35,0.93,0.0,0.0,2.9653187839317146,1.6021988550668136,10.00130935115529,40.6373612896744,0.7783970935874688,10.548189892109452,0,20,0,22.662935092348473,12.83300319488778,10.385867994539502,15.991646882044387,0.08,0.0,0,,1;4;5;7;8;11;12;15;24;27;28;31;32;35;36;38;39;41;42;43,12;15;19;60;61;64;65,,C12;C3;C30;C40;C41;C42;C43;C48;C52;O10;O12;O13;O3,554.732377674394,0.5588667798508279,46,0,1
6_model_5_b2_d0,6_model_5,1,0.66,0.64,0.75,0.32,0.26,0.93,0.0,0.0,2.8296170082801617,1.5226405079925645,10.04190202034334,40.67311415378706,0.5843834441542242,11.345099470696589,0,22,0,23.54353342215225,13.381422121732802,11.071170579482551,16.13366796484916,0.11538461538461539,0.0,1,25,4;7;8;11;12;15;18;19;23;24;25;26;27;28;30;31;34;35;38;39;41;42,12;15;19;60;61;64;65,,C12;C3;C30;C40;C41;C42;C43;C48;C52;O10;O12;O13;O3,579.6076130252732,0.5715323780093997,47,0,0
6_model_5_b2_d0,6_model_5,2,0.66,0.64,0.75,0.31,0.27,0.93,0.0,0.0,2.850914116946937,1.5530260590546736,10.849280148349589,41.16146661812715,0.6501724010904397,11.250269063449105,0,20,0,23.171289131164023,12.998051930962578,11.235459447659451,15.793514143470414,0.08,0.0,1,25,1;4;7;8;9;11;12;15;25;26;28;31;32;34;35;38;39;41;42;67,12;15;19;60;61;64;65,,C12;C3;C30;C40;C41;C42;C43;C48;C52;O10;O12;O13;O3,576.6661921835946,0.5733805149771959,46,1,0
6_model_5_b2_d0,6_model_5,3,0.72,0.7,0.79,0.44,0.36,0.93,0.0,0.0,2.9050137084131094,1.5773810852235108,10.53017223355209,40.68062686447419,0.5636533274569847,11.015688357973822,0,23,0,23.16497876105221,12.97947028965358,11.033566603777764,15.480007428938785,0.1111111111111111,0.0,1,25,1;4;7;8;11;12;15;19;25;26;27;28;31;32;34;35;36;38;39;40;41;42;43,12;15;19;60;61;64;65,,C12;C3;C30;C40;C41;C42;C43;C48;C52;O10;O12;O13;O3,567.453681166453,0.5531505910316917,45,0,0
6_model_5_b2_d0,6_model_5,4,0.71,0.69,0.78,0.43,0.35,0.93,0.0,0.0,2.988424697123994,1.569561207878694,10.656429159704189,40.604178404773734,0.700899956847862,11.170227437254802,0,21,0,22.925085757745812,12.840397229057986,10.990245902617465,15.928954108791952,0.07692307692307693,0.0,1,25,1;4;5;7;8;11;12;15;25;26;28;31;32;34;35;36;38;39;41;42;43,12;15;19;60;61;64;65,,C12;C3;C30;C40;C41;C42;C43;C48;C52;O10;O12;O13;O3,586.0391862254575,0.5791597826099895,45,0,0
6_model_5_b3_d0,6_model_5,0,0.68,0.66,0.74,0.54,0.68,0.69,0.0,0.0,2.118997203914957,1.4763127259648825,0.8725722049633312,5.480438556318466,10.448898018364353,2.913244754564918,14,6,2,5.69483063839479,6.424635709516923,3.2184229057101863,4.083837778364856,0.3,0.0967741935483871,0,,11;61;62;64;65;67,12;15;19;60;61;64;65,C10;C12;C13;C18;C20;C21;C22;C4;C44;C45;C46;C47;C48;C5;C50;C52;C9;O4;O5;O6;O7,C12;C3;C30;C40;C41;C42;C43;C48;C52;O10;O12;O13;O3,153.76446703178902,0.1522340685277122,30,0,0
6_model_5_b3_d0,6_model_5,1,0.72,0.7,0.77,0.58,0.76,0.72,0.02,0.0,1.9258214211778564,1.3980593234016507,1.5787166823391583,7.084445656961547,10.428142954699009,3.102855781373024,13,9,1,6.457686040680517,5.9626575450884305,3.766781915640989,3.371542228713738,0.3333333333333333,0.08823529411764706,1,22,19;22;23;26;61;62;64;65;67,12;15;19;60;61;64;65,C12;C13;C14;C15;C16;C18;C19;C21;C22;C36;C38;C4;C44;C45;C46;C47;C48;C5;C50;C52;O4;O5;O6;O7,C12;C3;C30;C40;C41;C42;C43;C48;C52;O10;O12;O13;O3,134.2047017310287,0.136162464166074,27,0,0
6_model_5_b3_d0,6_model_5,2,0.69,0.66,0.75,0.55,0.72,0.69,0.02,0.0,2.1432852890008474,1.5269959104732087,1.0096908844689214,6.052775080918665,10.39772812890417,3.012312234812321,14,8,2,6.499997076922419,5.926103947788969,3.0789460859196596,3.299189294357025,0.25,0.0967741935483871,1,22,22;26;61;62;63;64;65;67,12;15;19;60;61;64;65,C12;C13;C14;C15;C18;C21;C22;C36;C38;C4;C44;C45;C46;C48;C5;C50;C52;O4;O5;O6;O7,C12;C3;C30;C40;C41;C42;C43;C48;C52;O10;O12;O13;O3,141.6291752893799,0.14051035218675798,32,0,0
6_model_5_b3_d0,6_model_5,3,0.7,0.67,0.76,0.57,0.72,0.68,0.03,0.0,1.3776152420524739,0.9385079538100927,0.917801592351886,6.876528777386607,10.473041685842919,2.94194867392346,14,9,2,6.605767252938905,5.780724003098574,2.950438780927339,3.2158847927125747,0.23076923076923078,0.125,1,22,22;23;26;61;62;63;64;65;67,12;15;19;60;61;64;65,C12;C13;C14;C15;C16;C18;C21;C22;C38;C4;C44;C45;C46;C47;C48;C5;C50;C52;O12;O4;O5;O6;O7,C12;C3;C30;C40;C41;C42;C43;C48;C52;O10;O12;O13;O3,132.2561812475172,0.1316091140426624,24,0,0
6_model_5_b3_d0,6_model_5,4,0.73,0.7,0.77,0.6,0.73,0.7,0.03,0.0,1.9191315904260189,1.3513782349185048,0.9056955305890905,6.526959142549325,10.470372597003433,2.8940825834796065,13,10,2,5.415207290584544,5.723104402332705,3.869311566674361,3.2228572726697036,0.3076923076923077,0.09375,1,22,19;22;23;24;26;61;62;64;65;67,12;15;19;60;61;64;65,C10;C12;C13;C18;C21;C22;C36;C38;C44;C45;C46;C47;C48;C5;C50;C52;C6;C9;O4;O5;O6;O7,C12;C3;C30;C40;C41;C42;C43;C48;C52;O10;O12;O13;O3,133.92101591440954,0.13392244058268785,28,0,0
7_model_3_b0_d0,7_model_3,0,0.68,0.66,0.77,0.39,0.3,0.93,0.0,0.0,1.4111346270968703,1.1683813722170087,0.7858078939332869,41.41757654279975,0.5832652502304236,9.782195101305229,0,16,0,22.19285502138019,11.66882560500413,10.042608326525533,15.721421500615014,0.05263157894736842,0.0,2,22;25,1;4;5;7;8;9;11;12;16;18;22;25;34;67;71;72,60;63;64;67,,C12;C3;C35;C36;C40;C41;C42;C43;C49;O10;O12;O13;O2;O3,592.4521193092303,0.5755607634370906,49,1,0
7_model_3_b0_d0,7_model_3,1,0.62,0.6,0.73,0.25,0.21,0.93,0.0,0.0,1.819360104974403,1.167539947064136,0.7402133419485861,43.127581093897746,0.4750412559197796,10.96567243720147,0,15,0,23.650834023348942,13.140488347089693,13.02314716188065,15.766631789954376,0.26666666666666666,0.0,0,,5;8;9;12;13;14;37;59;60;63;64;67;68;70;71,60;63;64;67,,C12;C3;C35;C36;C40;C41;C42;C43;C49;O10;O12;O13;O2;O3,574.4339858834638,0.5709194687263773,47,0,1
7_model_3_b0_d0,7_model_3,2,0.68,0.66,0.77,0.38,0.3,0.93,0.0,0.0,1.6541912105060965,1.1425554656423798,1.1762582017429926,43.520763173228936,0.4191215603968788,10.934035394125996,0,15,0,23.501405957942172,13.84218609902352,15.37958936382893,14.37364842341707,0.05555555555555555,0.0,0,,37;41;45;48;49;51;52;53;54;55;56;58;59;62;63,60;63;64;67,,C12;C3;C35;C36;C40;C41;C42;C43;C49;O10;O12;O13;O2;O3,573.7434114583274,0.5699117459730325,46,0,1
7_model_3_b0_d0,7_model_3,3,0.66,0.63,0.75,0.32,0.26,0.93,0.0,0.0,1.9271863392557225,1.088647308612441,1.0133573133873752,40.505787463199624,1.0376805363410515,7.756002449715963,0,11,0,20.966669430312486,9.426173242626087,13.562900685325394,14.322617149110705,0.0,0.0,1,22,20;22;26;27;29;30;46;49;50;51;52,60;63;64;67,,C12;C3;C35;C36;C40;C41;C42;C43;C49;O10;O12;O13;O2;O3,600.6903700846163,0.5884357752367304,45,0,0
7_model_3_b0_d0,7_model_3,4,0.63,0.6,0.73,0.27,0.22,0.93,0.0,0.0,1.329544941457326,0.9990281574191633,0.7791908937768037,42.613130726759344,0.4872003462918994,10.983520838055528,0,13,0,24.294022351187543,13.807719761061202,14.51757879262241,14.639945799079996,0.0,0.0,0,,37;41;45;46;48;49;51;52;53;55;56;59;62,60;63;64;67,,C12;C3;C35;C36;C40;C41;C42;C43;C49;O10;O12;O13;O2;O3,584.762600050671,0.5770190733155138,47,0,1
7_model_3_b1_d0,7_model_3,0,0.47,0.43,0.61,0.28,0.38,0.49,0.0,0.0,2.5544987487712194,1.5160739889414745,2.834975637318978,42.830128146612964,31.7799375627046,3.1522055770523596,7,11,2,3.924793370357222,6.759624989598166,12.624596231167157,16.27609787387628,0.0,0.2857142857142857,0,,37;38;41;42;45;48;49;58;62;65;69,60;63;64;67,C12;C13;C14;C15;C35;C36;C38;C43;C45;C47;C49;C51;O3,C12;C3;C35;C36;C40;C41;C42;C43;C49;O10;O12;O13;O2;O3,486.3964019136313,0.4783749206054615,46,0,0
7_model_3_b1_d0,7_model_3,1,0.46,0.42,0.58,0.25,0.28,0.52,0.0,0.0,2.6791215634327488,1.5628166800274461,0.675441971739064,42.024560106026854,31.74873736296218,3.0675918894142358,7,5,1,8.018233907787923,4.696272351557137,12.822431282717018,15.700386778675233,0.0,0.04,0,,37;38;56;62;66,60;63;64;67,C15;C16;C17;C18;C19;C20;C36;C45;C47;C51;C52;O9,C12;C3;C35;C36;C40;C41;C42;C43;C49;O10;O12;O13;O2;O3,396.077969317415,0.40963137880596945,41,0,0
7_model_3_b1_d0,7_model_3,2,0.57,0.54,0.69,0.45,0.49,0.53,0.0,0.0,2.684875622204698,1.538091168197204,2.925018711372615,45.148295622483964,37.402622458925904,3.3760722741078872,10,14,1,8.09113786806281,6.150139754509649,13.537966353924801,15.294427776154295,0.058823529411764705,0.08,0,,37;38;41;42;44;45;48;55;58;59;62;63;66;70,60;63;64;67,C12;C13;C16;C18;C19;C21;C22;C36;C44;C45;C47;C50;C52,C12;C3;C35;C36;C40;C41;C42;C43;C49;O10;O12;O13;O2;O3,543.3063004735328,0.5380300949647939,45,0,0
7_model_3_b1_d0,7_model_3,3,0.47,0.44,0.62,0.37,0.48,0.41,0.0,0.0,2.64675781660225,1.5300982699096188,3.2432333676187244,42.973845711342314,33.82375480583775,3.04836054298044,12,17,1,5.668213563372503,3.628391516912142,12.31382174631418,15.30666005371518,0.05,0.027777777777777776,0,,37;38;41;42;45;46;48;49;53;54;55;58;59;62;63;65;69,60;63;64;67,C13;C15;C17;C19;C20;C21;C22;C23;C24;C36;C44;C45;C46;C47;C48;C5;C50;C51;C52;C6;O5;O7;O8,C12;C3;C35;C36;C40;C41;C42;C43;C49;O10;O12;O13;O2;O3,473.28684992946654,0.4672156851839895,42,0,0
7_model_3_b1_d0,7_model_3,4,0.49,0.45,0.63,0.34,0.37,0.47,0.0,0.0,2.756869236128266,1.5630309585037798,2.160094840761772,44.59730622487539,33.001418723727944,3.2996736202236745,10,14,1,5.1556561173142645,4.691905902722262,13.567506218904047,14.879344138771708,0.125,0.16666666666666666,0,,37;38;41;44;45;48;55;58;59;62;63;66;67;70,60;63;64;67,C11;C12;C19;C20;C21;C22;C36;C43;C44;C45;C46;C47;C49;C50,C12;C3;C35;C36;C40;C41;C42;C43;C49;O10;O12;O13;O2;O3,507.10955059727974,0.5042819619735452,46,0,0
7_model_3_b2_d0,7_model_3,0,0.79,0.78,0.82,0.6,0.47,0.91,0.0,0.0,2.6928734464872304,1.8278214852275372,1.7623725339435448,43.31679641200902,1.0387776702277882,11.588685214466738,0,20,0,24.013900578623208,13.551563489132906,13.136498277699427,15.171135422241804,0.09090909090909091,0.0,0,,12;13;14;37;38;41;42;44;45;48;49;53;55;56;58;59;62;63;66;67,60;63;64;67,,C12;C3;C35;C36;C40;C41;C42;C43;C49;O10;O12;O13;O2;O3,572.7691512165717,0.5702083144160199,49,0,1
7_model_3_b2_d0,7_model_3,1,0.86,0.85,0.87,0.74,0.64,0.92,0.0,0.0,3.0645337559367154,1.9886675755788934,1.682596244697799,42.970182395442826,0.73215012136519,11.123374937490869,0,18,0,23.81536970109849,13.282241490049788,13.105584916362949,14.77808952469838,0.15789473684210525,0.0,0,,37;38;41;44;45;48;49;53;54;55;58;59;62;63;64;66;67;70,60;63;64;67,,C12;C3;C35;C36;C40;C41;C42;C43;C49;O10;O12;O13;O2;O3,585.1881287755999,0.5748262331887577,45,0,1
7_model_3_b2_d0,7_model_3,2,0.86,0.86,0.88,0.75,0.66,0.93,0.0,0.0,3.140884857736169,1.9610461412030071,1.8116973546002693,43.31147288795405,0.6213728845893342,11.072558782864963,0,17,0,23.663986667508077,12.988382539793013,13.385367570597381,14.766663739653584,0.10526315789473684,0.0,0,,37;38;41;42;44;45;48;49;53;55;58;59;62;63;66;67;70,60;63;64;67,,C12;C3;C35;C36;C40;C41;C42;C43;C49;O10;O12;O13;O2;O3,564.3704174164646,0.5665037777759442,46,0,1
7_model_3_b2_d0,7_model_3,3,0.82,0.82,0.85,0.69,0.56,0.92,0.0,0.0,3.0872874404675676,1.6044831220271014,1.8229797205839422,43.4453625070144,0.8881047746226345,11.132107706988826,0,17,0,23.756647848549676,13.085154374328182,13.520330210464538,14.797096370572167,0.10526315789473684,0.0,0,,37;38;41;42;44;45;48;49;53;55;58;59;62;63;66;67;70,60;63;64;67,,C12;C3;C35;C36;C40;C41;C42;C43;C49;O10;O12;O13;O2;O3,583.0977653837787,0.5737911834084709,46,0,1
7_model_3_b2_d0,7_model_3,4,0.81,0.8,0.84,0.64,0.48,0.92,0.0,0.0,2.521629700456188,1.6307987472795729,1.8549234469284117,42.56995037804876,0.6654579262062084,11.29868651658236,0,23,0,23.81750459221117,13.253743508910985,13.031015463117217,14.991086051384002,0.17391304347826086,0.0,0,,9;12;13;37;38;41;44;45;48;53;55;56;58;59;60;62;63;64;66;67;69;70;71,60;63;64;67,,C12;C3;C35;C36;C40;C41;C42;C43;C49;O10;O12;O13;O2;O3,561.9963682080244,0.558017619031453,44,0,1
7_model_3_b3_d0,7_model_3,0,0.87,0.87,0.87,0.82,0.85,0.84,0.0,0.0,2.7393637701623517,1.56198293253509,0.8501729023759882,45.82191018378019,30.92215838647519,3.5334044489698613,7,14,3,7.299656772753086,3.9721072493073497,15.31180348619979,14.846885363604045,0.0,0.0,0,,27;30;31;37;38;39;41;42;45;46;48;49;50;58,60;63;64;67,C18;C19;C22;C44;C45;C50;C51;O7;O8;O9,C12;C3;C35;C36;C40;C41;C42;C43;C49;O10;O12;O13;O2;O3,520.2750229306782,0.5050843560001266,53,0,0
7_model_3_b3_d0,7_model_3,1,0.87,0.87,0.87,0.83,0.85,0.84,0.0,0.0,2.7511680069286975,1.5791802501517556,0.8196617052967968,45.875925593595305,30.7022155028563,3.435121686345332,10,18,4,6.923513703315679,5.303231939110338,15.146961609510997,14.631166358154774,0.0,0.0,0,,27;30;31;36;37;38;39;41;42;45;46;48;49;50;53;54;55;58,60;63;64;67,C15;C17;C18;C19;C20;C22;C23;C44;C45;C47;C50;C51;C6;O6;O7,C12;C3;C35;C36;C40;C41;C42;C43;C49;O10;O12;O13;O2;O3,484.6456446876633,0.48823018726343237,46,0,0
7_model_3_b3_d0,7_model_3,2,0.88,0.88,0.88,0.85,0.85,0.85,0.0,0.0,2.776078894954379,1.5487858576441347,0.8329924569088568,46.08298437177322,31.002605425717164,3.4759470651895725,8,13,2,7.030661064224331,4.299395887796331,15.26550903180107,14.716042130953554,0.0,0.0,0,,27;30;31;37;38;39;41;42;45;46;49;50;55,60;63;64;67,C15;C17;C18;C19;C20;C22;C44;C45;C50;C51;O7,C12;C3;C35;C36;C40;C41;C42;C43;C49;O10;O12;O13;O2;O3,500.5734147216085,0.4955729789518613,48,0,0
7_model_3_b3_d0,7_model_3,3,0.88,0.88,0.88,0.85,0.85,0.84,0.0,0.0,2.794882998916893,1.5605111706574737,0.9322674130200396,46.26516980574749,31.450078785609406,3.2302298679815347,9,14,2,7.246603480251972,4.846067374686406,15.559054020087467,14.864000437298166,0.0,0.0,0,,27;30;31;37;38;39;41;42;45;46;48;49;50;55,60;63;64;67,C15;C17;C18;C19;C20;C22;C44;C45;C46;C50;C51;C6;O7;O9,C12;C3;C35;C36;C40;C41;C42;C43;C49;O10;O12;O13;O2;O3,547.6288701654847,0.540659878613186,46,0,0
7_model_3_b3_d0,7_model_3,4,0.86,0.86,0.86,0.82,0.84,0.83,0.0,0.0,2.8365271689899196,1.605971703355287,0.8573126325492154,45.82145732687605,30.527893494227918,2.8379557783728764,9,16,3,7.6526634579079715,3.086485865835124,15.006707866817425,14.553937817649214,0.0,0.0,0,,27;30;31;36;37;38;39;41;42;45;46;48;49;50;53;58,60;63;64;67,C17;C18;C19;C20;C21;C22;C23;C26;C27;C44;C45;C50;C51;O8;O9,C12;C3;C35;C36;C40;C41;C42;C43;C49;O10;O12;O13;O2;O3,491.4841064963649,0.4924304979653642,45,0,0
7_model_7_b0_d0,7_model_7,0,0.4,0.37,0.52,0.14,0.08,0.61,0.0,0.0,8.13732720025195,4.532689649199518,1.0922070792610203,39.19164987465664,24.109995257926325,19.866133644974806,0,18,0,23.236219959365165,30.75616200048374,14.738018761013977,17.06764277807571,0.35,0.0,0,,2;28;31;32;36;40;50;54;57;58;60;61;64;65;68;69;71;72,1;2;32;60;64;65;67;68;72,,C1;C12;C2;C3;C39;C40;C41;C42;C43;C52;O10;O12;O13;O2;O3;O8,566.9795101152712,0.5556341144478375,50,3,1
7_model_7_b0_d0,7_model_7,1,0.48,0.45,0.59,0.18,0.12,0.74,0.0,0.0,8.790551610248373,5.030880650404664,1.3489713751976666,37.08908842130784,24.770052026707837,18.245198464253548,0,19,0,27.659340592284554,22.587659374091864,13.696823719388375,13.326945561530597,0.3333333333333333,0.0,0,,28;32;34;35;36;37;40;54;57;58;60;61;64;65;67;68;69;71;72,1;2;32;60;64;65;67;68;72,,C1;C12;C2;C3;C39;C40;C41;C42;C43;C52;O10;O12;O13;O2;O3;O8,473.89150179552735,0.4870110718858171,52,1,1
7_model_7_b0_d0,7_model_7,2,0.49,0.46,0.59,0.21,0.15,0.76,0.0,0.0,8.367748971790133,4.823921660214352,0.9949036194851528,36.88242116352471,22.15921010925002,16.47794447132287,0,20,0,24.42920985214217,20.548106749771375,15.185851507241866,13.901149484844769,0.3181818181818182,0.0,0,,1;24;28;29;32;36;39;40;50;54;57;58;60;61;64;65;68;69;71;72,1;2;32;60;64;65;67;68;72,,C1;C12;C2;C3;C39;C40;C41;C42;C43;C52;O10;O12;O13;O2;O3;O8,455.0109488264731,0.45309616031947747,43,1,1
7_model_7_b0_d0,7_model_7,3,0.38,0.35,0.5,0.17,0.11,0.57,0.0,0.0,8.574185379154873,5.24681122272514,0.7108909902791549,38.13725484150754,22.002728374806907,15.813631493113782,0,19,0,23.327077206542615,18.850465484968797,15.120174271482457,17.888413317004947,0.2727272727272727,0.0,0,,24;29;32;33;34;36;39;40;53;54;57;58;60;64;65;68;69;71;72,1;2;32;60;64;65;67;68;72,,C1;C12;C2;C3;C39;C40;C41;C42;C43;C52;O10;O12;O13;O2;O3;O8,529.1852080147897,0.518802956327291,49,0,1
7_model_7_b0_d0,7_model_7,4,0.4,0.37,0.52,0.13,0.16,0.62,0.0,0.0,9.469135909717831,5.29406753565559,0.6199354015814568,51.66472390188316,22.34369676005011,3.483190635035642,3,13,2,7.660594885516399,6.093290900654589,10.544423407659615,11.2142864686078,0.29411764705882354,0.0,0,,24;28;33;34;35;36;60;61;64;65;68;69;72,1;2;32;60;64;65;67;68;72,C4;C44;C46;C48;C5,C1;C12;C2;C3;C39;C40;C41;C42;C43;C52;O10;O12;O13;O2;O3;O8,470.9128007210263,0.4722222426410168,49,0,0
7_model_7_b1_d0,7_model_7,0,0.75,0.73,0.8,0.55,0.4,0.91,0.0,0.0,1.6008239049659467,1.128275773369513,0.5816866180541133,37.4898209915108,0.8336438915987903,8.926456743859793,0,20,0,22.29644397656272,8.926456743859793,14.715802764375447,13.188739363563146,0.38095238095238093,0.0,0,,1;2;3;28;32;33;34;35;36;39;57;58;61;62;64;65;67;68;69;72,1;2;32;60;64;65;67;68;72,,C1;C12;C2;C3;C39;C40;C41;C42;C43;C52;O10;O12;O13;O2;O3;O8,597.767589359349,0.5888736221082882,48,0,1
7_model_7_b1_d0,7_model_7,1,0.71,0.69,0.78,0.46,0.36,0.91,0.0,0.0,1.7131372044536202,1.1510827268661317,0.5703613077987253,36.46841773574729,0.7716046387731177,8.32600324285308,0,19,0,21.610379658858378,8.95352679115889,14.799083012132881,12.320587120750375,0.3333333333333333,0.0,0,,1;28;33;34;35;36;39;57;58;60;61;62;64;65;67;68;69;71;72,1;2;32;60;64;65;67;68;72,,C1;C12;C2;C3;C39;C40;C41;C42;C43;C52;O10;O12;O13;O2;O3;O8,571.5112051581968,0.5687150700015887,45,0,1
7_model_7_b1_d0,7_model_7,2,0.75,0.73,0.81,0.53,0.4,0.92,0.0,0.0,1.0144214786460053,0.8003751418662954,0.7974811258934474,37.202972283658944,0.528660133603479,7.909034391125126,0,21,0,21.090289187206515,8.213185618260432,14.743947707449317,13.564330355752915,0.36363636363636365,0.0,1,25,1;2;6;25;28;32;33;34;36;38;39;57;58;60;61;62;64;65;67;68;69,1;2;32;60;64;65;67;68;72,,C1;C12;C2;C3;C39;C40;C41;C42;C43;C52;O10;O12;O13;O2;O3;O8,567.1699953498337,0.5692328914552132,46,0,0
7_model_7_b1_d0,7_model_7,3,0.75,0.74,0.81,0.55,0.41,0.92,0.0,0.0,2.4115349066697105,1.6877460635804378,0.7147996663095264,38.30419657689295,0.6992703900323851,10.609782278633242,0,20,0,23.734270033013445,10.670429700813365,14.860648101613874,13.621092246952886,0.3181818181818182,0.0,1,25,1;2;25;28;29;32;33;34;35;36;39;57;58;61;62;64;65;68;71;72,1;2;32;60;64;65;67;68;72,,C1;C12;C2;C3;C39;C40;C41;C42;C43;C52;O10;O12;O13;O2;O3;O8,586.8716035589032,0.575448122080768,47,0,0
7_model_7_b1_d0,7_model_7,4,0.72,0.7,0.79,0.48,0.38,0.92,0.0,0.0,2.110230901089586,1.4831896665369615,0.8347451190136607,35.50962733239918,0.8575546322377378,8.475461049406103,0,21,0,21.763886555484522,9.305546034489325,14.638203783251551,12.03053685418901,0.36363636363636365,0.0,0,,1;2;28;32;33;34;35;36;37;39;57;58;61;62;64;65;67;68;69;71;72,1;2;32;60;64;65;67;68;72,,C1;C12;C2;C3;C39;C40;C41;C42;C43;C52;O10;O12;O13;O2;O3;O8,572.6086681918509,0.568474724181621,46,0,1
7_model_7_b2_d0,7_model_7,0,0.86,0.85,0.88,0.77,0.63,0.92,0.0,0.0,3.49014445427961,1.7641381581364382,0.6277221784536099,36.68574668929014,0.7528679558410896,11.061472731964765,0,17,0,24.385930082734184,11.061472731964765,14.687891645842162,15.182969867585197,0.23809523809523808,0.0,0,,28;32;33;34;35;36;38;39;57;58;60;61;62;64;65;69;72,1;2;32;60;64;65;67;68;72,,C1;C12;C2;C3;C39;C40;C41;C42;C43;C52;O10;O12;O13;O2;O3;O8,589.6711814922725,0.5764504534920943,49,0,1
7_model_7_b2_d0,7_model_7,1,0.91,0.9,0.92,0.84,0.75,0.94,0.0,0.0,3.915602254777738,2.15243897107388,0.507659559468377,36.12683861789051,0.7852976595514014,11.066950889924469,0,18,0,24.20166905401361,11.330977495344344,14.821441866431215,15.126033386185554,0.2857142857142857,0.0,0,,28;32;33;34;35;36;38;39;57;58;60;61;62;64;65;68;69;72,1;2;32;60;64;65;67;68;72,,C1;C12;C2;C3;C39;C40;C41;C42;C43;C52;O10;O12;O13;O2;O3;O8,562.7055827495724,0.5620632875285468,45,0,1
7_model_7_b2_d0,7_model_7,2,0.9,0.9,0.91,0.84,0.71,0.93,0.0,0.0,3.8654056652930886,2.0353893612148735,0.8043552376663499,36.4551205015785,0.5792285180239259,10.606064114458293,0,16,0,23.879169688245025,10.606064114458293,14.99669810324926,15.010808306017367,0.25,0.0,0,,32;33;34;35;36;38;39;57;58;61;62;64;65;68;69;72,1;2;32;60;64;65;67;68;72,,C1;C12;C2;C3;C39;C40;C41;C42;C43;C52;O10;O12;O13;O2;O3;O8,577.0917209085235,0.5734800967236839,47,0,1
7_model_7_b2_d0,7_model_7,3,0.87,0.87,0.89,0.79,0.64,0.93,0.0,0.0,3.8736740315031724,2.090748746839945,0.5516807476630129,37.45356854925943,0.7206535933629769,9.450238780052068,0,17,0,22.71261405034656,9.766345785399983,14.518034956563508,14.690939282428472,0.3,0.0,0,,28;32;33;34;35;36;38;39;57;58;60;61;62;64;65;68;72,1;2;32;60;64;65;67;68;72,,C1;C12;C2;C3;C39;C40;C41;C42;C43;C52;O10;O12;O13;O2;O3;O8,580.4400303587194,0.5726735898034483,47,0,1
7_model_7_b2_d0,7_model_7,4,0.88,0.88,0.9,0.81,0.68,0.93,0.0,0.0,3.7527324323507583,2.0124631359975633,0.4988435057640422,37.19549584730445,0.5678621255562261,11.212572229421758,0,13,0,24.371868393703426,11.267383059078092,14.562692127487967,14.941551760108453,0.29411764705882354,0.0,0,,28;32;33;34;35;36;57;60;61;62;64;65;68,1;2;32;60;64;65;67;68;72,,C1;C12;C2;C3;C39;C40;C41;C42;C43;C52;O10;O12;O13;O2;O3;O8,576.5243492752853,0.5654595679711347,44,0,1
7_model_7_b3_d0,7_model_7,0,0.75,0.74,0.81,0.62,0.38,0.92,0.0,0.0,1.0616274740682323,0.9129846265618452,0.5982740296124024,54.42340318883325,0.5462006329032947,19.542514398101385,0,14,0,28.550579468725324,25.516407623331308,28.394106906187417,16.5545068485896,0.21052631578947367,0.0,0,,24;28;34;35;36;39;58;60;61;64;65;68;69;71,1;2;32;60;64;65;67;68;72,,C1;C12;C2;C3;C39;C40;C41;C42;C43;C52;O10;O12;O13;O2;O3;O8,577.7822953336599,0.575372217105406,46,0,1
7_model_7_b3_d0,7_model_7,1,0.73,0.72,0.8,0.57,0.37,0.93,0.0,0.0,1.137678236370208,0.9252579572061418,0.5738864580240056,54.38294141452959,0.3935830552311676,19.13869541008477,0,11,0,28.00613800580151,25.295141845816953,27.461108116753046,16.09373200969868,0.25,0.0,0,,24;35;36;39;58;60;61;64;65;68;69,1;2;32;60;64;65;67;68;72,,C1;C12;C2;C3;C39;C40;C41;C42;C43;C52;O10;O12;O13;O2;O3;O8,557.2669099075553,0.5634713985566193,44,0,1
7_model_7_b3_d0,7_model_7,2,0.74,0.73,0.81,0.6,0.38,0.92,0.0,0.0,1.0219846801588468,0.7861462989268939,0.6121852621299787,54.53800509178228,0.45667302142580046,18.646108709325922,0,12,0,27.608032418120633,25.07434108805254,27.57627391436341,16.242276472219036,0.3125,0.0,0,,34;35;36;58;60;61;64;65;68;69;71;72,1;2;32;60;64;65;67;68;72,,C1;C12;C2;C3;C39;C40;C41;C42;C43;C52;O10;O12;O13;O2;O3;O8,574.0270972749466,0.5654863561988764,43,0,1
7_model_7_b3_d0,7_model_7,3,0.73,0.71,0.8,0.56,0.35,0.92,0.0,0.0,1.6124855580161204,1.1535696760297303,0.6536138459613174,54.504319905991856,0.655997109698698,18.959692534426818,0,12,0,27.94036057390813,25.31918083193056,27.223870812211846,16.174178031665164,0.23529411764705882,0.0,0,,28;35;36;39;58;60;61;64;65;68;69;71,1;2;32;60;64;65;67;68;72,,C1;C12;C2;C3;C39;C40;C41;C42;C43;C52;O10;O12;O13;O2;O3;O8,580.1749846585114,0.5705168910550339,46,0,1
7_model_7_b3_d0,7_model_7,4,0.74,0.73,0.81,0.59,0.38,0.92,0.0,0.0,1.1465858626589038,0.8947253254818867,0.5524783881136079,54.39219786632782,0.5698028565394375,19.859130419028926,0,12,0,28.732022100785045,25.482272916676806,28.26239791666659,16.56958523922672,0.23529411764705882,0.0,0,,28;34;35;36;58;60;61;64;65;68;69;71,1;2;32;60;64;65;67;68;72,,C1;C12;C2;C3;C39;C40;C41;C42;C43;C52;O10;O12;O13;O2;O3;O8,560.331533541132,0.5594645682348706,44,0,1
8_model_1_b0_d0,8_model_1,0,0.48,0.46,0.53,0.25,0.31,0.7,0.0,0.0,11.408490235773721,6.362355108784601,0.6955916437752797,26.65535526100666,25.884760808990396,2.928005464475775,3,17,2,11.777082363641684,2.928005464475775,10.097308651318924,2.43619826779349,0.3,0.23809523809523808,0,,1;2;4;5;8;9;10;12;13;15;16;20;27;30;31;44;48,1;5;6;8;9;10;45;48;50,C26;C30;C46;C48;O10;O8,C12;C2;C3;C30;C34;C39;C40;C41;C43;C46;C48;C51;O10;O11;O12;O13;O2;O3;O8;O9,410.180421659747,0.3984857998528112,45,0,0
8_model_1_b0_d0,8_model_1,1,0.51,0.49,0.57,0.4,0.33,0.63,0.0,0.0,9.781091490413862,5.699491715463221,0.4256005361022772,29.495364496889078,20.50978740511294,9.800320658019308,0,18,0,22.520492134942344,12.210256139819508,12.98347183922698,3.184265221365834,0.35,0.0,0,,1;2;4;5;6;8;9;10;12;13;16;27;31;33;40;41;44;45,1;5;6;8;9;10;45;48;50,,C12;C2;C3;C30;C34;C39;C40;C41;C43;C46;C48;C51;O10;O11;O12;O13;O2;O3;O8;O9,396.3616551340342,0.3880669396823623,44,0,1
8_model_1_b0_d0,8_model_1,2,0.4,0.38,0.48,0.3,0.37,0.51,0.0,0.0,10.209755702800082,5.405836120999431,0.7149584561124654,27.51790453851659,23.512717551090606,3.1601691410429282,8,19,5,3.586239395243993,8.210647051237801,11.261572803121242,3.1908603855386715,0.21739130434782608,0.14285714285714285,0,,1;2;4;5;8;9;12;13;15;16;20;27;30;31;32;33;41;44;45,1;5;6;8;9;10;45;48;50,C12;C14;C43;C44;C48;C5;C6;O3;O4;O5;O6;O7,C12;C2;C3;C30;C34;C39;C40;C41;C43;C46;C48;C51;O10;O11;O12;O13;O2;O3;O8;O9,322.6429268804883,0.3235001157865134,38,0,0
8_model_1_b0_d0,8_model_1,3,0.41,0.39,0.48,0.26,0.36,0.53,0.0,0.0,9.792138291517551,5.319266889514326,0.962367355654665,30.465990417688506,23.61671695091348,2.6126210976718385,7,21,5,3.1843184514115417,6.956557625722653,11.945223313107212,3.1760026763212905,0.2,0.10714285714285714,0,,1;2;4;5;8;9;12;13;15;16;20;27;30;31;32;33;37;40;41;44;45,1;5;6;8;9;10;45;48;50,C10;C43;C44;C48;C6;C9;O3;O4;O5;O6;O7,C12;C2;C3;C30;C34;C39;C40;C41;C43;C46;C48;C51;O10;O11;O12;O13;O2;O3;O8;O9,283.68387930368857,0.2838723512990969,41,0,0
8_model_1_b0_d0,8_model_1,4,0.4,0.38,0.48,0.25,0.36,0.53,0.0,0.0,9.9420815869457,5.366151030770647,0.9130883098605913,29.268284107073534,24.114363425640125,2.849814379920208,7,18,4,3.2179190480806077,8.438102215545863,12.604019358918805,3.9103995959492424,0.17391304347826086,0.10714285714285714,0,,1;2;4;5;8;9;12;13;15;16;20;27;30;31;33;40;41;44,1;5;6;8;9;10;45;48;50,C14;C43;C44;C48;C50;C9;O3;O4;O5;O6;O7,C12;C2;C3;C30;C34;C39;C40;C41;C43;C46;C48;C51;O10;O11;O12;O13;O2;O3;O8;O9,318.48084021325735,0.3209860464114842,40,0,0
8_model_1_b1_d0,8_model_1,0,0.74,0.72,0.8,0.48,0.38,0.92,0.0,0.0,2.774423541531424,1.5624736886662796,5.958353871326298,39.87822965978002,0.6915016702362939,12.614679425177636,0,13,0,25.350047751434317,15.293139017219454,14.126850215104568,16.761383176814494,0.2222222222222222,0.0,0,,5;6;7;8;10;11;12;15;16;19;29;30;32,1;5;6;8;9;10;45;48;50,,C12;C2;C3;C30;C34;C39;C40;C41;C43;C46;C48;C51;O10;O11;O12;O13;O2;O3;O8;O9,585.8973433171478,0.5829593527345832,48,0,1
8_model_1_b1_d0,8_model_1,1,0.72,0.7,0.79,0.45,0.35,0.93,0.01,0.0,2.716753392260636,1.515920542361474,6.194897963878944,39.974709932933656,0.571291720694899,12.71488128139622,0,13,0,25.44020900071381,15.556962460583364,13.487144434608831,16.73113923198298,0.2222222222222222,0.0,0,,5;6;8;10;11;12;13;15;16;20;29;30;32,1;5;6;8;9;10;45;48;50,,C12;C2;C3;C30;C34;C39;C40;C41;C43;C46;C48;C51;O10;O11;O12;O13;O2;O3;O8;O9,579.7494559335828,0.5757154483347283,49,0,1
8_model_1_b1_d0,8_model_1,2,0.67,0.65,0.75,0.34,0.28,0.92,0.0,0.0,2.8637821000015937,1.5775839914233203,5.2179890816683505,40.28594739882481,0.686041248390174,13.345593579904941,0,14,0,25.626637820830105,15.623171797045565,12.654250392654635,17.12827504449879,0.21052631578947367,0.0,0,,1;2;3;5;6;10;11;12;15;16;19;29;30;32,1;5;6;8;9;10;45;48;50,,C12;C2;C3;C30;C34;C39;C40;C41;C43;C46;C48;C51;O10;O11;O12;O13;O2;O3;O8;O9,588.6969212505169,0.5822545823494042,46,0,1
8_model_1_b1_d0,8_model_1,3,0.71,0.69,0.78,0.43,0.34,0.92,0.01,0.0,2.7874687842620047,1.5753800471896262,5.838442209752665,40.85246809880148,0.6368411015860923,13.321936983787305,0,12,0,26.025373964652264,15.698656948924006,12.515726626928219,17.01025625909263,0.16666666666666666,0.0,0,,3;5;8;10;11;12;13;15;16;20;30;32,1;5;6;8;9;10;45;48;50,,C12;C2;C3;C30;C34;C39;C40;C41;C43;C46;C48;C51;O10;O11;O12;O13;O2;O3;O8;O9,588.1295496172786,0.5759711447478595,47,0,1
8_model_1_b1_d0,8_model_1,4,0.78,0.76,0.82,0.57,0.44,0.93,0.01,0.0,2.28180185648495,1.5849860957575634,5.910448436626636,39.45033377361798,0.8430319049251179,12.565372656630602,0,16,0,24.58515482969347,14.954746303431564,12.724430557003327,16.76959254126349,0.13636363636363635,0.0,0,,4;6;7;8;10;11;12;13;15;16;18;19;20;29;30;32,1;5;6;8;9;10;45;48;50,,C12;C2;C3;C30;C34;C39;C40;C41;C43;C46;C48;C51;O10;O11;O12;O13;O2;O3;O8;O9,579.3239272086541,0.5765002615394003,47,0,1
8_model_1_b2_d0,8_model_1,0,0.57,0.54,0.7,0.15,0.1,0.92,0.0,0.0,0.8824720880171035,0.7423509162569744,2.6917574878015786,53.74308934359228,0.45677190432398046,18.380596399464302,0,8,0,29.69186487912135,21.191764367319674,31.49982044393269,14.14051986314506,0.13333333333333333,0.0,0,,8;9;12;15;16;30;31;32,1;5;6;8;9;10;45;48;50,,C12;C2;C3;C30;C34;C39;C40;C41;C43;C46;C48;C51;O10;O11;O12;O13;O2;O3;O8;O9,566.7631067413164,0.5637619357733832,45,0,1
8_model_1_b2_d0,8_model_1,1,0.61,0.59,0.72,0.24,0.18,0.91,0.0,0.0,1.8581159272160372,1.2831805684359077,4.6889972517434755,39.865790447181546,0.59817799232553,10.421594359789676,0,15,0,22.591405401169713,12.66293563910044,9.17049731475889,14.876665688251517,0.2,0.0,0,,4;5;6;7;8;9;11;12;15;16;20;30;31;32;67,1;5;6;8;9;10;45;48;50,,C12;C2;C3;C30;C34;C39;C40;C41;C43;C46;C48;C51;O10;O11;O12;O13;O2;O3;O8;O9,592.1870736090223,0.5832946316237622,49,0,1
8_model_1_b2_d0,8_model_1,2,0.56,0.53,0.69,0.12,0.09,0.91,0.0,0.0,0.7500175313905116,0.6766414330293328,1.9472783714259778,55.482673386989624,0.4431174108499683,19.83134483589048,0,7,0,29.802725596830907,24.996329990620623,28.353439614974405,15.949076054743736,0.06666666666666667,0.0,0,,9;12;30;31;32;33;37,1;5;6;8;9;10;45;48;50,,C12;C2;C3;C30;C34;C39;C40;C41;C43;C46;C48;C51;O10;O11;O12;O13;O2;O3;O8;O9,595.9609117841471,0.5891193495120621,46,0,1
8_model_1_b2_d0,8_model_1,3,0.56,0.52,0.69,0.12,0.09,0.91,0.0,0.0,0.7881466150814621,0.6944989919631925,2.218366593153172,54.17086201601891,0.6768070096486649,20.175806824015737,0,10,0,31.457535265815093,22.137566081211368,27.774226559888216,17.395770060563574,0.11764705882352941,0.0,0,,2;5;9;12;32;33;34;37;41;44,1;5;6;8;9;10;45;48;50,,C12;C2;C3;C30;C34;C39;C40;C41;C43;C46;C48;C51;O10;O11;O12;O13;O2;O3;O8;O9,593.1613338507781,0.5827394509859437,45,0,1
8_model_1_b2_d0,8_model_1,4,0.57,0.54,0.7,0.13,0.1,0.92,0.0,0.0,0.971528214672329,0.8279580301999908,1.4205591994872733,55.387004803871285,0.44961354580608154,23.5486001494781,0,10,0,34.332162195236116,27.379952720923388,29.71899347218879,20.76143708898784,0.0,0.0,1,21,21;52;54;55;56;60;61;62;63;66,1;5;6;8;9;10;45;48;50,,C12;C2;C3;C30;C34;C39;C40;C41;C43;C46;C48;C51;O10;O11;O12;O13;O2;O3;O8;O9,560.1896906328225,0.5623873197391793,42,0,0
8_model_1_b3_d0,8_model_1,0,0.59,0.56,0.71,0.18,0.17,0.9,0.0,0.0,1.004323115738773,0.7685848515301615,2.490997427596462,26.800702941165078,0.4405028420307592,2.3947461243313457,3,3,0,8.239940837166248,4.3128738678519225,12.333210490379217,3.1250639993446536,0.0,0.2727272727272727,0,,29;30;32,1;5;6;8;9;10;45;48;50,C28;C39;C4;C40;C41;O10;O11;O13,C12;C2;C3;C30;C34;C39;C40;C41;C43;C46;C48;C51;O10;O11;O12;O13;O2;O3;O8;O9,389.9860022830839,0.3904186255695866,38,0,0
8_model_1_b3_d0,8_model_1,1,0.59,0.56,0.71,0.17,0.13,0.93,0.0,0.0,1.7180954904976755,0.930708712099289,2.9046625304005844,42.505129678717594,0.5291846119415131,12.68314054167973,0,14,0,25.70820892244343,12.765388086540886,14.807177752698182,16.921875605263146,0.15,0.0,0,,5;8;9;12;13;15;16;19;20;30;31;32;66;67,1;5;6;8;9;10;45;48;50,,C12;C2;C3;C30;C34;C39;C40;C41;C43;C46;C48;C51;O10;O11;O12;O13;O2;O3;O8;O9,589.8130244005822,0.5851428778616077,46,0,1
8_model_1_b3_d0,8_model_1,2,0.59,0.56,0.71,0.19,0.14,0.92,0.0,0.0,1.5787198755136413,1.208775997003153,2.468752339079474,39.266486190629635,0.5426218156267761,8.273237032746009,0,12,0,18.76734443121882,10.185118065098704,10.388734764156798,15.753343327687618,0.23529411764705882,0.0,0,,5;6;7;8;9;12;15;16;19;30;31;32,1;5;6;8;9;10;45;48;50,,C12;C2;C3;C30;C34;C39;C40;C41;C43;C46;C48;C51;O10;O11;O12;O13;O2;O3;O8;O9,571.9180937667143,0.5732744882082758,46,0,1
8_model_1_b3_d0,8_model_1,3,0.62,0.6,0.73,0.25,0.19,0.93,0.0,0.0,1.694694472153074,1.1221057869904754,2.290383955724136,41.693766912689526,0.7409575276203768,13.315326845406387,0,15,0,26.59207840692412,14.062448257682586,16.074014433239753,16.39291194388599,0.09090909090909091,0.0,0,,8;9;12;13;15;16;19;20;29;30;31;32;33;37;67,1;5;6;8;9;10;45;48;50,,C12;C2;C3;C30;C34;C39;C40;C41;C43;C46;C48;C51;O10;O11;O12;O13;O2;O3;O8;O9,596.5096433009741,0.5899926839321449,49,0,1
8_model_1_b3_d0,8_model_1,4,0.6,0.57,0.71,0.19,0.14,0.93,0.0,0.0,1.736635663439615,1.011516698534579,2.391603162304079,41.79966592842255,0.44828928885607766,9.845992941293428,0,15,0,23.83840208571036,10.81859866156426,14.680455919350736,13.48489888727387,0.14285714285714285,0.0,0,,5;8;9;12;13;15;16;19;20;29;30;31;32;33;67,1;5;6;8;9;10;45;48;50,,C12;C2;C3;C30;C34;C39;C40;C41;C43;C46;C48;C51;O10;O11;O12;O13;O2;O3;O8;O9,587.7040208923497,0.5859037579246652,44,0,1
8_model_2_b0_d0,8_model_2,0,0.7,0.68,0.77,0.42,0.35,0.9,0.0,0.0,2.473011266273638,1.4789648739928942,1.4098345205054537,43.35309000149732,0.6027996463361316,10.382697144769272,0,14,0,23.29011296666463,12.797917994736489,15.014549543692612,16.468680517879992,0.0,0.0,0,,2;4;5;6;9;51;52;55;58;59;62;63;66;67,15;20;21;22;24;27;31;65,,C1;C2;C4;C41;C42;C43;C46;C48;C5;O11;O13;O2;O3;O6,596.935172025903,0.583470676031099,46,0,1
8_model_2_b0_d0,8_model_2,1,0.66,0.64,0.75,0.35,0.32,0.89,0.0,0.0,2.6474275180668614,1.542054265812267,0.961328174229734,42.62892459101352,0.5946080530271819,10.509629964941677,0,12,0,23.360160722906,12.815507208066327,14.735357376053015,15.022511674150898,0.0,0.0,0,,1;2;6;9;13;58;59;60;63;64;66;67,15;20;21;22;24;27;31;65,,C1;C2;C4;C41;C42;C43;C46;C48;C5;O11;O13;O2;O3;O6,576.2593035750773,0.5657298561703756,47,1,1
8_model_2_b0_d0,8_model_2,2,0.68,0.67,0.76,0.39,0.33,0.9,0.0,0.0,2.626159080384248,1.5286452891309685,1.426773032371862,42.959393112014844,0.5994006809181188,11.02167147033516,0,15,0,24.294182307704865,12.37850112089505,15.383546892703256,15.672922988389882,0.0,0.0,0,,1;2;3;5;9;47;48;51;52;55;56;58;59;62;66,15;20;21;22;24;27;31;65,,C1;C2;C4;C41;C42;C43;C46;C48;C5;O11;O13;O2;O3;O6,591.4778590674744,0.5903118970234396,46,0,1
8_model_2_b0_d0,8_model_2,3,0.66,0.63,0.74,0.31,0.29,0.9,0.0,0.0,2.561068533228438,1.5074055912412254,1.3956847945832387,42.164361105280385,0.6939683095063607,10.289957288541094,0,15,0,23.04611227517561,12.381467320152327,14.12790462170523,14.895032091271238,0.0,0.0,0,,1;2;6;9;10;13;55;58;59;60;62;63;64;66;67,15;20;21;22;24;27;31;65,,C1;C2;C4;C41;C42;C43;C46;C48;C5;O11;O13;O2;O3;O6,576.1174606667676,0.5836089595136886,46,0,1
8_model_2_b0_d0,8_model_2,4,0.7,0.69,0.77,0.42,0.37,0.9,0.0,0.0,2.4725560141097653,1.427437665466253,3.385473168732474,41.28500257906234,0.7389427034738936,8.321459367202365,0,16,0,21.65841088353437,10.22612032982206,14.949389485861957,14.673684574775347,0.0,0.0,0,,1;2;5;6;9;10;13;16;51;55;56;58;59;60;62;63,15;20;21;22;24;27;31;65,,C1;C2;C4;C41;C42;C43;C46;C48;C5;O11;O13;O2;O3;O6,571.6530480665061,0.5675155009654412,48,0,1
8_model_2_b1_d0,8_model_2,0,0.75,0.74,0.81,0.53,0.43,0.92,0.0,0.0,2.8146250517156415,1.5615880473484787,0.5498893064752249,42.07031523637665,0.7024808820567874,10.921424495000641,0,14,0,22.66588705522023,12.537369301412477,11.11949679616843,15.748519200229588,0.047619047619047616,0.0,1,22,10;11;13;17;18;22;29;30;33;34;36;37;40;41,15;20;21;22;24;27;31;65,,C1;C2;C4;C41;C42;C43;C46;C48;C5;O11;O13;O2;O3;O6,575.0013575167023,0.5739491252224425,46,0,0
8_model_2_b1_d0,8_model_2,1,0.71,0.7,0.78,0.41,0.35,0.93,0.0,0.0,2.8947575725954917,1.7972648540751537,0.456002823869588,42.066947800451366,0.7802668637056445,12.57766254118785,0,13,0,25.854607964538932,14.215439845463806,15.314553503122445,16.606867254241543,0.05,0.0,1,22,7;10;17;18;22;29;30;33;34;36;37;40;41,15;20;21;22;24;27;31;65,,C1;C2;C4;C41;C42;C43;C46;C48;C5;O11;O13;O2;O3;O6,581.1492449002674,0.5736839012188013,48,0,0
8_model_2_b1_d0,8_model_2,2,0.71,0.7,0.78,0.41,0.35,0.92,0.0,0.0,2.7468734968568684,1.697692960674901,0.4199295222853263,41.54564095825792,0.7231770579745289,10.509432620270232,0,15,0,23.577172710060044,12.555775921861617,15.476142445713014,16.933911568211286,0.045454545454545456,0.0,1,22,7;13;14;17;18;22;26;29;30;33;34;36;37;40;41,15;20;21;22;24;27;31;65,,C1;C2;C4;C41;C42;C43;C46;C48;C5;O11;O13;O2;O3;O6,601.3995846261641,0.5844036057744899,47,0,0
8_model_2_b1_d0,8_model_2,3,0.71,0.69,0.78,0.4,0.34,0.93,0.0,0.0,2.7753818101032213,1.7361952512862326,0.7357147314052018,41.969379633737894,0.6857165913885884,11.211288507571286,0,14,0,23.392429651491955,13.783084161391457,14.213283294158321,16.46334006208947,0.047619047619047616,0.0,1,22,7;10;13;17;18;22;29;30;33;34;36;37;40;41,15;20;21;22;24;27;31;65,,C1;C2;C4;C41;C42;C43;C46;C48;C5;O11;O13;O2;O3;O6,581.1492449002675,0.5771867974899465,49,0,0
8_model_2_b1_d0,8_model_2,4,0.85,0.84,0.87,0.72,0.58,0.94,0.0,0.0,2.823764911808107,1.5680144068080484,3.9755691397219604,41.81661084974646,0.5659670081063165,9.439987552957895,0,17,0,22.44600547981756,11.524030761847175,13.742725493874932,15.75796249519588,0.08695652173913043,0.0,1,22,10;11;13;14;17;18;20;22;29;30;33;34;36;37;38;40;41,15;20;21;22;24;27;31;65,,C1;C2;C4;C41;C42;C43;C46;C48;C5;O11;O13;O2;O3;O6,564.2472146245665,0.5666922466228911,46,0,0
8_model_2_b2_d0,8_model_2,0,0.55,0.52,0.65,0.37,0.63,0.56,0.0,0.0,2.781330263709668,1.612337098840553,0.717670588815243,48.372718605051034,31.41527325611677,2.8683390664285136,10,5,0,2.8683390664285136,5.3813526180691795,13.17227505027131,14.766565274294493,0.18181818181818182,0.17647058823529413,0,,24;51;62;64;65,15;20;21;22;24;27;31;65,C1;C11;C13;C19;C2;C20;C22;C27;C35;C36;C38;C40;C41;C43;C45;C47;C49;C50;C51;C52;C8;O1;O12;O13;O3;O9,C1;C2;C4;C41;C42;C43;C46;C48;C5;O11;O13;O2;O3;O6,175.21683246682696,0.17093285169943953,30,0,0
8_model_2_b2_d0,8_model_2,1,0.43,0.4,0.57,0.24,0.57,0.46,0.0,0.0,2.6386623792979393,1.573491310364035,0.6691356282893516,50.385484408109704,29.368520370566493,3.2836536053609553,9,5,1,6.3839312339654795,3.624035595851674,22.953675043443475,20.81333517243212,0.3,0.03571428571428571,0,,24;27;28;64;65,15;20;21;22;24;27;31;65,C13;C18;C19;C20;C36;C38;C40;C42;C45;C50;C51;C52;O12;O8;O9,C1;C2;C4;C41;C42;C43;C46;C48;C5;O11;O13;O2;O3;O6,284.1094080286173,0.27975983537236854,35,0,0
8_model_2_b2_d0,8_model_2,2,0.54,0.51,0.65,0.39,0.63,0.55,0.0,0.0,3.0162885303756033,1.7131814097529696,0.6234347928675174,45.849242014927434,33.342399304605955,2.2534651095590545,10,11,3,5.5944320533902285,4.046276683569723,15.111611992107262,14.989636720080977,0.35714285714285715,0.21739130434782608,2,21;22,13;16;17;20;21;22;27;60;61;64;65,15;20;21;22;24;27;31;65,C10;C14;C23;C43;C44;C45;C46;C48;C5;C50;O4;O5;O6;O7,C1;C2;C4;C41;C42;C43;C46;C48;C5;O11;O13;O2;O3;O6,327.7606336730635,0.32589314836213057,39,0,0
8_model_2_b2_d0,8_model_2,3,0.44,0.41,0.56,0.21,0.63,0.42,0.0,0.0,2.5636115061191425,1.539868085235465,1.0086117813867868,42.73684417197088,23.479943981351543,3.331210890952417,9,5,1,7.4307389269170265,3.4102148026187447,20.001785470302394,18.434515236371148,0.4444444444444444,0.3333333333333333,0,,20;24;27;64;65,15;20;21;22;24;27;31;65,C4;C44;C45;C46;C48;C50;O11;O13;O2;O8,C1;C2;C4;C41;C42;C43;C46;C48;C5;O11;O13;O2;O3;O6,279.6263553119447,0.2850267896265784,46,0,0
8_model_2_b2_d0,8_model_2,4,0.4,0.37,0.53,0.15,0.58,0.25,0.0,0.0,2.7587012151619423,1.563237345671375,0.5623217253359193,19.817079487278793,6.61874320628493,3.2998077216710677,10,8,2,5.29537930652753,3.5755002447210096,2.814661258482094,7.482689957495231,0.45454545454545453,0.06666666666666667,2,21;22,20;21;22;23;24;64;65;67,15;20;21;22;24;27;31;65,C11;C12;C13;C16;C22;C24;C36;C38;C39;C42;C43;C45;C49;C50;C51;C52;O12;O8,C1;C2;C4;C41;C42;C43;C46;C48;C5;O11;O13;O2;O3;O6,329.3209056644689,0.3289388808214562,34,0,0
8_model_2_b3_d0,8_model_2,0,0.77,0.74,0.81,0.52,0.4,0.93,0.03,0.0,2.3712980474922216,1.4899586593794407,0.680232617224727,49.875382250865094,0.8050265640332267,14.037278546783917,0,18,0,27.537341011797057,15.492853352433178,18.858806855153905,13.65861255765021,0.3,0.0,1,22,13;14;16;17;19;20;22;24;27;31;54;57;58;60;61;62;64;65,15;20;21;22;24;27;31;65,,C1;C2;C4;C41;C42;C43;C46;C48;C5;O11;O13;O2;O3;O6,593.9937511842243,0.5912654998491406,47,0,0
8_model_2_b3_d0,8_model_2,1,0.67,0.65,0.75,0.34,0.28,0.93,0.0,0.0,2.2727187951959746,1.427359843120529,0.7631208967917915,48.390884868294876,0.6836481767263991,10.958175258682441,0,17,0,23.133893295336176,13.203142997029154,13.11923618203438,15.188261059120626,0.3888888888888889,0.0,2,21;22,15;16;17;18;19;20;21;22;27;31;54;57;61;64;65;66;67,15;20;21;22;24;27;31;65,,C1;C2;C4;C41;C42;C43;C46;C48;C5;O11;O13;O2;O3;O6,604.3223653514316,0.5882167040864621,45,1,0
8_model_2_b3_d0,8_model_2,2,0.67,0.64,0.75,0.35,0.27,0.92,0.0,0.0,2.817927145222158,1.5485716966149008,0.7952965603058644,48.27623105662932,0.696104595638453,14.336062011584632,0,16,0,27.152253497638092,16.681209008941767,14.763686700821038,16.89667345958961,0.3333333333333333,0.0,3,21;22;25,21;22;23;24;25;27;28;31;32;54;57;58;61;62;64;65,15;20;21;22;24;27;31;65,,C1;C2;C4;C41;C42;C43;C46;C48;C5;O11;O13;O2;O3;O6,598.8836925094143,0.5935680135010377,46,0,0
8_model_2_b3_d0,8_model_2,3,0.76,0.74,0.81,0.53,0.39,0.93,0.01,0.0,2.3090630845870512,1.5140946718094472,1.006251168285824,50.00120698198132,0.7918730659600621,14.049019503153948,0,18,0,27.348901897516836,16.114614422939198,19.166806045870032,14.391328986580774,0.3684210526315789,0.0,2,21;22,13;16;17;19;20;21;22;24;27;31;54;57;58;60;61;62;64;65,15;20;21;22;24;27;31;65,,C1;C2;C4;C41;C42;C43;C46;C48;C5;O11;O13;O2;O3;O6,588.8201240424152,0.5809415556254565,48,0,0
8_model_2_b3_d0,8_model_2,4,0.68,0.66,0.76,0.37,0.28,0.92,0.0,0.0,2.2834288605065587,1.5728243094369485,0.5537259768142123,48.00057637215108,0.5668433293002909,13.969192890070637,0,16,0,26.60272313128865,15.869531467563874,14.63331606301183,17.383103175210117,0.4117647058823529,0.0,3,21;22;25,20;21;22;23;24;25;27;28;31;32;54;58;61;62;64;65,15;20;21;22;24;27;31;65,,C1;C2;C4;C41;C42;C43;C46;C48;C5;O11;O13;O2;O3;O6,573.0341969167795,0.5709559188719264,45,0,0
8_model_7_b0_d0,8_model_7,0,0.61,0.58,0.71,0.27,0.2,0.88,0.0,0.0,3.075146599177012,1.5867030680867866,2.8009651714785124,40.53494046052209,1.0149547351195776,10.249482133259221,0,17,0,21.019825546374072,13.036814564915773,7.74547229031258,15.16409792899004,0.2,0.0,0,,5;7;8;9;11;12;15;43;44;48;51;54;55;58;62;65;66,1;2;15;19;22;23;53;54;57;58;61;62;65,,C41;C42;O13;O2;O3,581.4329307168865,0.574597014241113,45,0,1
8_model_7_b0_d0,8_model_7,1,0.6,0.57,0.7,0.23,0.18,0.89,0.0,0.0,2.9520163909103934,1.5895545013320578,2.8528741129582342,40.62862964690048,0.6728398636265241,11.177663485720082,0,17,0,21.098165251983406,14.390912062826317,7.378022228212654,15.832213142830032,0.2,0.0,0,,3;5;7;8;9;11;12;15;44;47;51;54;55;61;62;65;66,1;2;15;19;22;23;53;54;57;58;61;62;65,,C41;C42;O13;O2;O3,592.877648034159,0.5748755296709668,46,0,1
8_model_7_b0_d0,8_model_7,2,0.58,0.55,0.68,0.2,0.15,0.88,0.0,0.0,2.9397160956192376,1.5189689721687079,2.0965483736755166,39.68084583077078,0.7021980757279653,10.347814938430238,0,20,0,19.818410884831305,13.38628593001061,6.327309459794108,15.669665759039024,0.32,0.0,0,,1;2;3;5;7;8;11;15;18;19;44;47;48;51;54;55;58;62;65;66,1;2;15;19;22;23;53;54;57;58;61;62;65,,C41;C42;O13;O2;O3,594.8261685176706,0.5931608220334216,46,0,1
8_model_7_b0_d0,8_model_7,3,0.59,0.56,0.69,0.22,0.17,0.88,0.0,0.0,2.936124783104673,1.5694297776291328,2.5953116256403974,40.5663148538158,0.8552645475971076,10.072760594792275,0,18,0,20.342913852248405,13.238697858928575,8.99269764864804,15.520345485845347,0.24,0.0,0,,1;3;5;7;8;9;11;12;15;44;48;51;54;55;58;62;65;66,1;2;15;19;22;23;53;54;57;58;61;62;65,,C41;C42;O13;O2;O3,581.9816622337135,0.5797889928657723,49,0,1
8_model_7_b0_d0,8_model_7,4,0.59,0.56,0.7,0.23,0.18,0.88,0.0,0.0,3.069907583943809,1.5845914774072207,2.627493145800322,40.309923205224706,0.970749699333476,11.227774401011093,0,19,0,21.709479150822574,14.117406135689375,7.4203769446032855,15.37727953833187,0.23076923076923078,0.0,0,,3;5;7;8;9;11;12;14;15;16;47;51;54;55;58;61;62;65;66,1;2;15;19;22;23;53;54;57;58;61;62;65,,C41;C42;O13;O2;O3,587.7040208923498,0.5829793174973574,46,0,1
8_model_7_b1_d0,8_model_7,0,0.65,0.63,0.75,0.3,0.23,0.93,0.0,0.0,3.096706777372656,1.6829688951204387,3.191850013295765,39.465928980240164,0.6132712402028155,8.926828328135363,0,18,0,20.786971616856555,11.590217858176782,10.083956614345382,15.263954762773636,0.2916666666666667,0.0,0,,1;2;3;5;8;9;11;12;15;43;47;50;51;54;55;58;62;65,1;2;15;19;22;23;53;54;57;58;61;62;65,,C41;C42;O13;O2;O3,571.9180937667142,0.5727151912446363,46,0,1
8_model_7_b1_d0,8_model_7,1,0.67,0.65,0.76,0.34,0.26,0.93,0.0,0.0,2.9360554539040837,1.5931256854618527,3.513486896044303,40.37393532766406,0.6733905334207069,10.544674390420978,0,18,0,21.626451650698506,13.47644663848746,8.596213643226884,15.558940259542101,0.19230769230769232,0.0,0,,3;5;8;9;11;12;15;16;44;47;50;51;54;55;58;62;65;66,1;2;15;19;22;23;53;54;57;58;61;62;65,,C41;C42;O13;O2;O3,595.5353830592184,0.5745702135604652,48,0,1
8_model_7_b1_d0,8_model_7,2,0.62,0.6,0.72,0.24,0.19,0.92,0.0,0.0,2.8758586300608653,1.5265084883874498,3.0616709672072244,39.494718822237836,0.5548256155773506,9.124139959470153,0,19,0,19.801797317415406,12.215812293908252,6.327278798978278,15.385414326562675,0.23076923076923078,0.0,0,,3;5;8;9;11;12;15;16;18;19;43;44;51;54;55;58;62;65;66,1;2;15;19;22;23;53;54;57;58;61;62;65,,C41;C42;O13;O2;O3,577.2149237004217,0.5761693608681558,45,0,1
8_model_7_b1_d0,8_model_7,3,0.69,0.67,0.78,0.38,0.3,0.93,0.0,0.0,0.9506008491273948,0.7497232775252046,2.440143169759986,48.855377320229934,0.5561307571975405,10.186922302638811,0,13,0,22.686401389378616,12.64625339774591,14.550315804132914,15.426782328146073,0.23809523809523808,0.0,0,,1;2;3;5;8;9;11;12;15;47;50;54;58,1;2;15;19;22;23;53;54;57;58;61;62;65,,C41;C42;O13;O2;O3,569.7045275829948,0.5665174149920981,47,0,1
8_model_7_b1_d0,8_model_7,4,0.77,0.75,0.83,0.59,0.39,0.94,0.0,0.0,1.0606515565084134,0.9066520506648335,2.4102624453621315,48.18169115098757,0.3671596843511695,18.337519052478175,0,15,0,26.446056605853357,24.931008603744857,22.73307295549812,17.05133405338128,0.2727272727272727,0.0,0,,5;9;11;12;15;16;47;51;54;55;58;61;62;65;66,1;2;15;19;22;23;53;54;57;58;61;62;65,,C41;C42;O13;O2;O3,569.827730374893,0.5661817602923381,47,0,1
8_model_7_b2_d0,8_model_7,0,0.79,0.78,0.84,0.6,0.45,0.93,0.0,0.0,3.6087241083266246,1.763168852432246,1.2977574157711353,44.4755757619949,1.1806712959527188,13.76063032713255,0,21,0,27.887187362658143,16.314040731835878,17.140633302185773,17.4553040935986,0.5454545454545454,0.0,1,22,1;2;3;4;5;8;11;12;15;16;19;22;23;51;54;55;57;58;61;62;65,1;2;15;19;22;23;53;54;57;58;61;62;65,,C41;C42;O13;O2;O3,594.8261685176705,0.5815004592998312,48,0,0
8_model_7_b2_d0,8_model_7,1,0.78,0.76,0.83,0.57,0.42,0.93,0.0,0.0,3.596028643113373,1.68479276694379,1.4554062507796384,44.77129484660297,0.841872784838962,13.163011889381549,0,20,0,26.964315641232208,16.32167359678535,17.324658524773294,16.70675450229637,0.5714285714285714,0.0,1,22,1;2;3;5;8;11;15;16;19;22;23;51;52;54;55;57;58;61;62;65,1;2;15;19;22;23;53;54;57;58;61;62;65,,C41;C42;O13;O2;O3,581.4142906004752,0.5718258071207336,48,0,0
8_model_7_b2_d0,8_model_7,2,0.78,0.77,0.83,0.59,0.44,0.93,0.0,0.0,3.6899845412995744,1.766970269730391,1.400180250166327,44.823717790456655,1.2000266444416758,12.738139463830658,0,16,0,26.76883413598732,15.798543255629616,18.04684232767605,16.299925950752048,0.38095238095238093,0.0,0,,3;5;8;11;12;15;16;19;23;51;54;55;57;58;61;62,1;2;15;19;22;23;53;54;57;58;61;62;65,,C41;C42;O13;O2;O3,593.9937511842243,0.5910151610489608,46,0,1
8_model_7_b2_d0,8_model_7,3,0.7,0.68,0.78,0.39,0.31,0.93,0.0,0.0,3.313820363490751,1.6378184130416074,1.532632888626134,44.57815345326422,0.8153410154647537,13.995690836825455,0,15,0,28.36870603323317,16.52042245222561,18.04525239502069,17.689162020853335,0.4,0.0,1,22,1;3;5;8;11;15;16;19;22;23;51;54;55;58;62,1;2;15;19;22;23;53;54;57;58;61;62;65,,C41;C42;O13;O2;O3,577.9427783583807,0.5764770656231276,49,0,0
8_model_7_b2_d0,8_model_7,4,0.78,0.77,0.83,0.57,0.44,0.93,0.0,0.0,2.7710643873801084,1.6614412725396783,1.651220543947655,44.17144586496226,1.0354108870576733,12.600073452166857,0,17,0,26.1661386719554,15.184191812539774,18.006145228782312,15.82139984325028,0.36363636363636365,0.0,1,22,3;4;5;8;11;15;16;19;22;23;51;54;55;57;58;60;61,1;2;15;19;22;23;53;54;57;58;61;62;65,,C41;C42;O13;O2;O3,585.0462858672904,0.5772182123995416,47,1,0
8_model_7_b3_d0,8_model_7,0,0.72,0.7,0.8,0.45,0.36,0.93,0.0,0.0,2.954285499798676,1.6452447703015367,4.125146604677339,43.128013775639644,0.6595904910305451,10.192668198268791,0,22,0,22.930438504311248,11.777190963892876,12.65980714703032,15.928420166482299,0.20689655172413793,0.0,0,,1;2;3;5;8;12;15;16;43;44;47;48;50;51;52;54;55;58;64;65;66;67,1;2;15;19;22;23;53;54;57;58;61;62;65,,C41;C42;O13;O2;O3,602.922576384747,0.5876548906780722,48,0,1
8_model_7_b3_d0,8_model_7,1,0.83,0.82,0.87,0.7,0.52,0.93,0.0,0.0,3.003115296938216,1.6422496583176212,3.4092502610966235,43.883111058858525,0.6432986118674009,11.637212638772224,0,22,0,22.772526320107744,14.1102907482447,11.505166361248323,16.200114906999886,0.20689655172413793,0.0,0,,2;3;4;5;8;9;11;12;15;16;19;23;44;47;48;50;51;52;54;55;58;59,1;2;15;19;22;23;53;54;57;58;61;62;65,,C41;C42;O13;O2;O3,575.71057205825,0.5669071371521149,45,0,1
8_model_7_b3_d0,8_model_7,2,0.72,0.71,0.8,0.46,0.35,0.93,0.0,0.0,2.778480615626943,1.4510421646037897,4.192936745057546,43.87302841846612,0.7787658705505189,10.314403812145422,0,19,0,22.805419991747577,12.095834778964203,12.392414373317253,16.458665012691643,0.18518518518518517,0.0,0,,1;2;3;5;8;12;15;16;44;47;50;51;52;54;55;58;59;64;67,1;2;15;19;22;23;53;54;57;58;61;62;65,,C41;C42;O13;O2;O3,579.323927208654,0.5748986327008168,45,0,1
8_model_7_b3_d0,8_model_7,3,0.71,0.69,0.78,0.43,0.33,0.92,0.0,0.0,2.928775580300718,1.625767266721238,3.864782178040902,43.38183980402817,0.7848010677140891,10.051081384607329,0,20,0,22.346644423716057,12.508235247228123,11.84937285260279,16.357894668935856,0.2222222222222222,0.0,0,,1;2;3;5;8;12;15;16;43;44;47;51;52;54;55;58;59;64;65;66,1;2;15;19;22;23;53;54;57;58;61;62;65,,C41;C42;O13;O2;O3,583.8069799253269,0.5747191928328372,46,0,1
8_model_7_b3_d0,8_model_7,4,0.85,0.84,0.88,0.74,0.54,0.94,0.0,0.0,3.0354055463005687,1.6393854221067479,4.268605405298091,43.145371631842416,0.6908188682094822,11.266230514240334,0,25,0,22.876065592666937,14.039635963941514,11.127432992384183,16.399319924923716,0.22580645161290322,0.0,0,,1;2;3;5;8;9;11;15;16;19;43;44;47;48;50;51;52;54;55;58;59;64;65;66;67,1;2;15;19;22;23;53;54;57;58;61;62;65,,C41;C42;O13;O2;O3,561.4289965747862,0.557532786399377,45,0,1
9_model_1_b0_d0,9_model_1,0,0.59,0.55,0.71,0.17,0.18,0.84,0.0,0.0,1.2997504075409179,0.7356353030704691,0.5735850881895874,18.59342628579503,0.9190720208232281,2.6511003375956936,8,6,3,3.7449966622148017,3.6096595407323386,3.102053029849747,1.4990043362178775,0.3333333333333333,0.42105263157894735,1,22,22;23;24;52;53;55,22;23;24;26;27;30,C3;C4;C40;C41;C42;C43;C46;C48;C49;O10;O11;O13;O3;O8,C1;C3;C4;C40;C41;C43;C8;C9;O11;O13;O2;O3;O4,276.34532830441304,0.2708205392717484,34,2,0
9_model_1_b0_d0,9_model_1,1,0.77,0.76,0.83,0.54,0.39,0.92,0.0,0.0,2.372393270088047,1.2376419916740105,0.7848998853411582,38.755272023800224,0.5549462755360399,9.06079935767259,0,16,0,21.590271281297046,9.06079935767259,18.20481579143277,11.31730515626401,0.2222222222222222,0.0,2,22;25,11;14;15;18;19;22;23;24;25;30;42;45;46;48;52;55,22;23;24;26;27;30,,C1;C3;C4;C40;C41;C43;C8;C9;O11;O13;O2;O3;O4,577.6590925417619,0.5761125890156593,48,1,0
9_model_1_b0_d0,9_model_1,2,0.65,0.62,0.76,0.23,0.19,0.92,0.0,0.0,1.2874429018025895,0.8159910398770144,0.3835542219121656,46.00866989323936,0.42959963181381894,11.96378447649405,0,9,0,25.23239721072891,15.181931464737945,15.93897603361019,15.445244510851877,0.0,0.0,0,,1;5;12;13;35;36;37;38;39,22;23;24;26;27;30,,C1;C3;C4;C40;C41;C43;C8;C9;O11;O13;O2;O3;O4,590.626801617617,0.5796139079701775,46,0,1
9_model_1_b0_d0,9_model_1,3,0.66,0.63,0.76,0.25,0.22,0.92,0.0,0.0,1.435594051684259,0.8012286534458599,0.4759489006935886,44.91892096057713,1.0076119032350364,10.155277544213158,0,11,0,22.937523929142834,12.9797092802574,14.180437722440024,14.013390453419902,0.0,0.0,0,,1;2;9;12;13;16;35;36;37;38;39,22;23;24;26;27;30,,C1;C3;C4;C40;C41;C43;C8;C9;O11;O13;O2;O3;O4,566.195735108078,0.5676192617844514,47,0,1
9_model_1_b0_d0,9_model_1,4,0.65,0.62,0.75,0.25,0.15,0.92,0.0,0.0,0.9421250141941949,0.809258029935245,0.6999020971666864,54.20486108102269,0.5636572634678817,25.23020063336794,0,7,0,36.96552585856178,28.779210552063446,34.53681076764327,21.489365439677364,0.0,0.0,0,,1;8;9;12;13;16;36,22;23;24;26;27;30,,C1;C3;C4;C40;C41;C43;C8;C9;O11;O13;O2;O3;O4,581.0074019919576,0.5803550218613309,45,0,1
9_model_1_b1_d0,9_model_1,0,0.67,0.64,0.76,0.26,0.22,0.92,0.0,0.0,1.5326931149832421,1.1038737892313901,0.5253522472163649,39.13734858573925,0.3982602128382166,10.624755856018528,0,11,0,23.16328966274005,12.347429125125602,13.546726541862428,15.970198902956719,0.13333333333333333,0.0,0,,23;27;28;34;35;36;38;39;40;41;45,22;23;24;26;27;30,,C1;C3;C4;C40;C41;C43;C8;C9;O11;O13;O2;O3;O4,570.8019906166489,0.5733678407222464,44,0,1
9_model_1_b1_d0,9_model_1,1,0.69,0.67,0.78,0.33,0.26,0.93,0.0,0.0,1.6513879434111431,1.1535109370466319,0.5027466487211011,43.931321520627044,0.6501128022960777,12.669311188853165,0,9,0,25.01685299952814,14.847560001562547,14.249538167954777,15.778485035008906,0.25,0.0,0,,26;27;28;30;31;32;35;42;45,22;23;24;26;27;30,,C1;C3;C4;C40;C41;C43;C8;C9;O11;O13;O2;O3;O4,580.8655590836481,0.5728529211137406,48,0,1
9_model_1_b1_d0,9_model_1,2,0.68,0.66,0.77,0.3,0.26,0.92,0.0,0.0,1.575493342653696,1.189303048145298,0.3917162215503638,39.896512604897566,0.4113607100045202,11.00335844185765,0,11,0,23.86648813713488,13.249346738613191,14.471318011846744,15.451848983212333,0.21428571428571427,0.0,0,,23;26;27;28;31;35;38;39;40;41;45,22;23;24;26;27;30,,C1;C3;C4;C40;C41;C43;C8;C9;O11;O13;O2;O3;O4,580.8655590836482,0.5801311431277404,46,0,1
9_model_1_b1_d0,9_model_1,3,0.74,0.72,0.81,0.42,0.33,0.93,0.0,0.0,0.6718122570579361,0.606211702873058,0.5210621084875429,38.005853678509204,0.4623397784035317,9.8227885042894,0,11,0,21.80896311152825,11.764369171358062,13.274664929857929,16.314052408889708,0.0,0.0,0,,1;9;28;31;32;35;36;37;38;40;41,22;23;24;26;27;30,,C1;C3;C4;C40;C41;C43;C8;C9;O11;O13;O2;O3;O4,567.5955240747625,0.5623203985816401,47,0,1
9_model_1_b1_d0,9_model_1,4,0.7,0.68,0.79,0.35,0.28,0.93,0.0,0.0,1.2990609202565324,0.994027456284193,0.5225229448648148,38.30729728589473,0.8000829727661599,10.39962581057607,0,12,0,23.23994808513995,11.956792379229473,13.184671289038647,15.773619781140916,0.125,0.0,0,,26;27;28;31;34;35;38;39;40;41;42;45,22;23;24;26;27;30,,C1;C3;C4;C40;C41;C43;C8;C9;O11;O13;O2;O3;O4,576.1174606667678,0.5605211511662888,45,0,1
9_model_1_b2_d0,9_model_1,0,0.65,0.63,0.76,0.26,0.19,0.91,0.0,0.0,1.391520210484814,0.9640084746744357,0.9294298722096649,42.298554472606774,0.6220771141424446,11.365295244735176,0,14,0,23.72704863652452,13.733686977647336,13.739008879828269,15.108856740336115,0.17647058823529413,0.0,2,22;25,11;14;15;18;19;22;24;25;27;45;48;52;53;55,22;23;24;26;27;30,,C1;C3;C4;C40;C41;C43;C8;C9;O11;O13;O2;O3;O4,572.5085168360481,0.5667870161482045,43,0,0
9_model_1_b2_d0,9_model_1,1,0.67,0.65,0.77,0.3,0.22,0.91,0.0,0.0,1.238696841469693,0.9631011718058218,0.8324699536232869,41.97463749603644,0.5274243627336807,11.181841753485873,0,17,0,23.640001205583722,13.683025177204051,14.348996410899266,14.909385969918414,0.21052631578947367,0.0,2,22;25,8;11;14;15;18;19;22;23;24;25;27;45;48;51;52;53;55,22;23;24;26;27;30,,C1;C3;C4;C40;C41;C43;C8;C9;O11;O13;O2;O3;O4,599.3092212343431,0.5876436409831785,46,0,0
9_model_1_b2_d0,9_model_1,2,0.68,0.66,0.77,0.31,0.23,0.92,0.0,0.0,1.3975561626501105,0.9928215689087398,0.9869029055437283,42.52755313061764,0.5047211889633367,11.420276047451743,0,11,0,24.021976812910296,14.040448888835428,14.62544019850343,14.778672538492758,0.13333333333333333,0.0,2,22;25,11;14;15;18;19;22;24;25;45;52;55,22;23;24;26;27;30,,C1;C3;C4;C40;C41;C43;C8;C9;O11;O13;O2;O3;O4,593.9937511842243,0.5847581227753169,46,0,0
9_model_1_b2_d0,9_model_1,3,0.65,0.62,0.75,0.25,0.19,0.9,0.0,0.0,1.497225573624573,0.9629514112171665,0.8849854434905567,41.93774545067265,0.9653650554139709,11.351679038803027,0,15,0,23.701865791536328,13.788373870765183,13.474682408131184,14.931426087283155,0.16666666666666666,0.0,2,22;25,8;11;14;15;18;19;20;22;24;25;27;45;52;53;55,22;23;24;26;27;30,,C1;C3;C4;C40;C41;C43;C8;C9;O11;O13;O2;O3;O4,596.8119692340048,0.579157851798843,45,0,0
9_model_1_b2_d0,9_model_1,4,0.66,0.63,0.76,0.27,0.2,0.91,0.0,0.0,1.287432815220954,1.022286294158851,0.7831649330411535,41.863441870936825,0.5138158898718922,11.291946953470866,0,13,0,23.937975958714638,13.881495992867627,14.04318688902202,15.093292185603511,0.11764705882352941,0.0,1,25,11;14;15;18;19;24;25;27;45;48;51;52;55,22;23;24;26;27;30,,C1;C3;C4;C40;C41;C43;C8;C9;O11;O13;O2;O3;O4,549.1518619240676,0.5470828818442363,45,0,0
9_model_1_b3_d0,9_model_1,0,0.69,0.66,0.78,0.32,0.3,0.9,0.0,0.0,1.1502920981952494,0.673703118647973,0.3506010166635522,20.625573485187502,0.5946425706070024,2.5760954951243558,7,4,3,2.5760954951243558,3.0630773741451582,6.9920724395561,3.498142650035873,0.42857142857142855,0.2692307692307692,0,,23;26;27;45,22;23;24;26;27;30,C11;C27;C28;C3;C35;C4;C43;C44;C46;C48;C49;C52;C8;O10;O11;O12;O13;O3;O8;O9,C1;C3;C4;C40;C41;C43;C8;C9;O11;O13;O2;O3;O4,256.15090892775004,0.2558995484364389,30,0,0
9_model_1_b3_d0,9_model_1,1,0.6,0.57,0.73,0.15,0.11,0.92,0.0,0.0,1.6040269421891398,0.9166704327952591,1.7374025032575229,44.99400363245467,0.4989157123790917,10.664911907746824,0,9,0,21.210982296914022,12.341006239363141,25.682624379140073,9.12405743077059,0.25,0.0,1,21,21;23;26;27;28;31;41;42;45,22;23;24;26;27;30,,C1;C3;C4;C40;C41;C43;C8;C9;O11;O13;O2;O3;O4,590.2199130090994,0.5862782115023885,47,0,0
9_model_1_b3_d0,9_model_1,2,0.67,0.64,0.76,0.28,0.24,0.92,0.0,0.0,1.4802481809901622,1.1522765685220373,0.5420218123431461,40.9414078146502,0.43122311071522595,11.46944414520599,0,14,0,22.231444824842132,14.361142747010073,9.918050009956595,16.739547753747708,0.0,0.0,0,,1;4;5;6;9;12;13;15;16;19;20;36;37;38,22;23;24;26;27;30,,C1;C3;C4;C40;C41;C43;C8;C9;O11;O13;O2;O3;O4,590.7686445259263,0.5795111055434569,46,0,1
9_model_1_b3_d0,9_model_1,3,0.62,0.59,0.73,0.17,0.15,0.89,0.0,0.0,0.7132886511314914,0.5125427011665388,0.4710807342924397,22.75810646523684,0.5140613768231262,2.963120821026372,5,4,2,5.687044663091718,2.963120821026372,10.737413655066101,2.4749696967841843,0.42857142857142855,0.2222222222222222,0,,23;26;27;45,22;23;24;26;27;30,C3;C41;C48;C52;O12;O13;O2;O8;O9,C1;C3;C4;C40;C41;C43;C8;C9;O11;O13;O2;O3;O4,376.0926752917259,0.3691827881251986,38,0,0
9_model_1_b3_d0,9_model_1,4,0.59,0.55,0.71,0.11,0.08,0.91,0.0,0.0,1.0097843619235531,0.8544261520570519,0.5678969780851766,53.52717262772902,0.6362422962201514,26.568980258941068,0,7,0,39.4091305283433,29.423479281009584,34.48610746373096,24.843531914766064,0.0,0.0,0,,1;8;9;12;13;36;37,22;23;24;26;27;30,,C1;C3;C4;C40;C41;C43;C8;C9;O11;O13;O2;O3;O4,574.1503000668448,0.5686649343127683,43,0,1
9_model_3_b0_d0,9_model_3,0,0.68,0.63,0.75,0.25,0.2,0.93,0.05,0.0,2.3544368799574786,1.5303428716283916,2.0694383223928114,44.736385254321576,1.1120738785334476,14.852531703383098,0,12,0,26.780734306586893,18.69105885176118,18.13787956184515,16.868937014524654,0.5,0.0,0,,9;13;40;41;44;47;48;50;51;52;54;55,9;13;16;17;47;48;51;52;55,,C39;C40;C41;C43;C49;C51;C52;O10;O12;O13;O2;O3;O9,557.5319556077633,0.5662248641133838,44,0,1
9_model_3_b0_d0,9_model_3,1,0.67,0.63,0.75,0.24,0.19,0.93,0.03,0.0,3.5539673092112887,1.652613020785761,1.6495091205147405,44.32098414450476,1.1190609588185363,16.035000779544728,0,15,0,27.969317903731582,20.07170897058843,18.80891621013821,17.992139255797237,0.5,0.0,2,21;22,9;13;16;17;19;20;21;22;40;44;47;48;51;54;55,9;13;16;17;47;48;51;52;55,,C39;C40;C41;C43;C49;C51;C52;O10;O12;O13;O2;O3;O9,610.4702527349964,0.5964632389858052,48,0,0
9_model_3_b0_d0,9_model_3,2,0.78,0.76,0.83,0.54,0.42,0.93,0.0,0.0,2.809018604041685,1.5707655276988781,1.4514395158877653,38.40799467853401,0.6683299222523333,11.167172023390703,0,16,0,23.845720140100617,13.1549416570352,13.290529899142472,15.031951104231279,0.08695652173913043,0.0,2,21;22,12;16;19;20;21;22;33;37;38;40;41;42;44;45;48;49,9;13;16;17;47;48;51;52;55,,C39;C40;C41;C43;C49;C51;C52;O10;O12;O13;O2;O3;O9,583.3628110839868,0.5864755110587717,49,0,0
9_model_3_b0_d0,9_model_3,3,0.73,0.71,0.79,0.43,0.35,0.93,0.0,0.0,2.6994974616415353,1.505115513268327,0.8733990594167614,37.99228488719719,0.539786969596762,7.555883601538605,0,15,0,20.66353401526467,7.555883601538605,18.95205007380468,10.998312779694894,0.14285714285714285,0.0,3,21;22;25,12;13;19;20;21;22;23;25;33;37;40;41;44;47;48,9;13;16;17;47;48;51;52;55,,C39;C40;C41;C43;C49;C51;C52;O10;O12;O13;O2;O3;O9,560.8989051743703,0.556066453190126,46,0,0
9_model_3_b0_d0,9_model_3,4,0.66,0.62,0.74,0.24,0.18,0.93,0.02,0.0,2.7543041092593246,1.5500230686729004,0.9646361294045366,40.332631962463566,0.7001592597732099,13.733704744168632,0,12,0,26.9472308224797,14.12737279185341,21.08065259900651,13.883716721397048,0.23529411764705882,0.0,2,21;22,9;12;13;19;20;21;22;37;40;44;47;48,9;13;16;17;47;48;51;52;55,,C39;C40;C41;C43;C49;C51;C52;O10;O12;O13;O2;O3;O9,572.89235400847,0.5657019063148078,46,0,0
9_model_3_b1_d0,9_model_3,0,0.59,0.54,0.66,0.37,0.47,0.61,0.04,0.0,2.6889376346307206,1.5244446268318246,2.031750776974869,17.35330686088681,3.259022194612849,2.4170686792062823,13,9,5,5.040471803313654,2.4170686792062823,10.78256286788999,2.4629961429121248,0.125,0.375,2,21;22,19;21;22;37;40;41;44;48;55,9;13;16;17;47;48;51;52;55,C19;C26;C27;C3;C40;C41;C44;C48;C5;C50;C51;C52;O10;O11;O12;O13;O2;O7;O8;O9,C39;C40;C41;C43;C49;C51;C52;O10;O12;O13;O2;O3;O9,275.87115725323116,0.27509879536642595,35,0,0
9_model_3_b1_d0,9_model_3,1,0.48,0.41,0.61,0.23,0.49,0.51,0.05,0.0,2.7179457721527123,1.5202558049164803,1.4827031404962567,18.302374197378725,9.29338029264376,2.3738965857846464,11,4,1,3.6474009924876643,5.519166241381029,10.426480806101356,3.411436794079586,0.08333333333333333,0.36363636363636365,0,,41;44;45;55,9;13;16;17;47;48;51;52;55,C12;C13;C22;C23;C35;C37;C40;C41;C42;C43;C45;C47;C49;C51;O13;O2;O3,C39;C40;C41;C43;C49;C51;C52;O10;O12;O13;O2;O3;O9,281.0075041622178,0.2753361445742954,40,0,0
9_model_3_b1_d0,9_model_3,2,0.44,0.39,0.55,0.2,0.54,0.4,0.03,0.0,2.7363631604724685,1.543400190353024,1.3488235933158703,17.37134403305877,9.285588351871816,2.481298047393744,11,6,1,3.5162212672128583,7.35739043411453,3.081362847832108,3.6209000262365714,0.36363636363636365,0.3076923076923077,0,,41;48;51;52;54;55,9;13;16;17;47;48;51;52;55,C1;C11;C12;C13;C18;C19;C20;C35;C36;C40;C41;C42;C43;C47;C49;C50;C52;O13;O2;O3;O7,C39;C40;C41;C43;C49;C51;C52;O10;O12;O13;O2;O3;O9,333.9458012894512,0.33919504786223037,34,0,0
9_model_3_b1_d0,9_model_3,3,0.52,0.47,0.62,0.31,0.58,0.49,0.04,0.0,2.624774156999548,1.4962470389484501,2.0467344455708196,19.024928026551276,6.728324568029996,2.152154501888747,10,7,3,4.42154769283336,6.767528426242479,4.102662184484605,3.0735769064723275,0.14285714285714285,0.2608695652173913,0,,23;37;40;41;44;48;52,9;13;16;17;47;48;51;52;55,C12;C13;C18;C20;C36;C37;C38;C39;C40;C42;C47;C50;C52;O12;O13;O2,C39;C40;C41;C43;C49;C51;C52;O10;O12;O13;O2;O3;O9,370.4262369823237,0.37118534109043055,36,0,0
9_model_3_b1_d0,9_model_3,4,0.59,0.54,0.69,0.39,0.28,0.65,0.03,0.0,2.5859325350873617,1.481296895358096,1.2569328034508778,37.58842396988996,8.796448031531964,11.858270236421498,0,15,0,15.851160746140959,23.729643339081182,13.448230924549147,16.356540862908638,0.043478260869565216,0.0,2,21;22,12;15;19;20;21;22;23;34;37;38;40;41;44;45;48,9;13;16;17;47;48;51;52;55,,C39;C40;C41;C43;C49;C51;C52;O10;O12;O13;O2;O3;O9,609.1077440011344,0.6114858361808292,51,0,0
9_model_3_b2_d0,9_model_3,0,0.71,0.66,0.77,0.28,0.22,0.94,0.06,0.0,2.0445848516850007,1.3934408411631927,2.3805696924012003,42.630995236896766,0.623128145830553,17.707024312402126,0,13,0,30.877001959387183,19.045713559748815,22.77923374479484,16.88789157947196,0.2222222222222222,0.0,0,,2;5;6;9;13;43;46;47;49;50;53;54;55,9;13;16;17;47;48;51;52;55,,C39;C40;C41;C43;C49;C51;C52;O10;O12;O13;O2;O3;O9,579.4657701169637,0.574483970587533,44,0,1
9_model_3_b2_d0,9_model_3,1,0.79,0.76,0.83,0.51,0.43,0.94,0.03,0.0,2.6923963063484515,1.532808340363631,2.8736411378579705,39.43550007399747,0.4748448024110446,13.448789313540457,0,13,0,26.261121567823412,15.58677663919003,16.66241102001748,17.493467752278278,0.0,0.0,0,,1;31;32;34;35;37;38;39;41;42;45;46;49,9;13;16;17;47;48;51;52;55,,C39;C40;C41;C43;C49;C51;C52;O10;O12;O13;O2;O3;O9,592.7358051258493,0.5866607823111131,48,0,1
9_model_3_b2_d0,9_model_3,2,0.73,0.72,0.8,0.43,0.36,0.93,0.0,0.0,2.5683195328674615,1.4801296380632378,1.2975997853445398,37.389646564315285,0.5018381370529308,10.005304243250178,0,15,0,23.313340837383215,11.20567454462247,13.322223575664838,15.050241924965858,0.14285714285714285,0.0,2,21;22,12;16;20;21;22;23;33;34;37;38;40;41;44;47;48,9;13;16;17;47;48;51;52;55,,C39;C40;C41;C43;C49;C51;C52;O10;O12;O13;O2;O3;O9,585.0462858672903,0.5770566999849868,47,0,0
9_model_3_b2_d0,9_model_3,3,0.68,0.61,0.74,0.2,0.16,0.93,0.07,0.0,2.6872712991468943,1.5502548552138884,3.848134205030798,37.12782663646918,0.4947525275428383,12.403055591264598,0,15,0,25.703401175719915,14.267202038241416,17.61094347273876,16.921172358911775,0.2,0.0,2,21;22,19;20;21;22;33;34;37;41;44;45;47;48;52;54;55,9;13;16;17;47;48;51;52;55,,C39;C40;C41;C43;C49;C51;C52;O10;O12;O13;O2;O3;O9,583.0977653837791,0.5743418109202517,49,1,0
9_model_3_b2_d0,9_model_3,4,0.82,0.79,0.85,0.56,0.47,0.94,0.05,0.0,2.6797055654478865,1.5159910760375515,2.456807509175153,37.88987237708754,0.6015672519706123,12.462996429430605,0,12,0,25.300865854748924,14.37225097192503,15.864223302765252,17.034803227510437,0.0,0.0,0,,1;2;32;34;35;38;39;41;42;45;46;49,9;13;16;17;47;48;51;52;55,,C39;C40;C41;C43;C49;C51;C52;O10;O12;O13;O2;O3;O9,560.047847724513,0.5613760899954627,46,0,1
9_model_3_b3_d0,9_model_3,0,0.66,0.61,0.74,0.21,0.16,0.92,0.05,0.0,0.6545048341498424,0.42030865147931895,2.1746069384141378,34.0966329402266,0.4625023351788471,6.370758510569994,0,16,0,19.646055303800814,8.280930020233235,12.748020905222898,14.25686743292509,0.25,0.0,2,21;22,8;9;12;19;20;21;22;37;40;41;44;45;47;48;52;55,9;13;16;17;47;48;51;52;55,,C39;C40;C41;C43;C49;C51;C52;O10;O12;O13;O2;O3;O9,579.040241392035,0.574859864687045,42,0,0
9_model_3_b3_d0,9_model_3,1,0.68,0.62,0.75,0.24,0.18,0.92,0.07,0.0,0.47476354052623393,0.36635853703398796,3.428910227144832,34.12410286462821,0.5308834073225495,8.773772050834236,0,18,0,21.77647276305325,10.935024005460619,11.8622849822452,16.036244759918077,0.2857142857142857,0.0,2,21;22,5;8;9;12;13;17;19;20;21;22;37;40;41;44;47;48;53;55,9;13;16;17;47;48;51;52;55,,C39;C40;C41;C43;C49;C51;C52;O10;O12;O13;O2;O3;O9,587.5808181004516,0.5764536928897191,47,0,0
9_model_3_b3_d0,9_model_3,2,0.68,0.63,0.76,0.26,0.21,0.92,0.05,0.0,0.5094116368796592,0.4401820233241576,1.7864114958815591,34.44754719590553,0.4108404776475297,7.905247244710313,0,15,0,21.271294953528333,9.577918824045232,14.654961855972195,15.290466506944776,0.2631578947368421,0.0,2,21;22,9;12;13;19;20;21;22;37;40;41;43;44;47;48;55,9;13;16;17;47;48;51;52;55,,C39;C40;C41;C43;C49;C51;C52;O10;O12;O13;O2;O3;O9,596.3678003926644,0.5856447496527327,47,1,0
9_model_3_b3_d0,9_model_3,3,0.73,0.67,0.78,0.35,0.23,0.93,0.07,0.0,3.0894864276025538,1.2519514035228723,3.4272755050817745,50.058730997663446,1.4122497072862532,16.74189436712584,0,11,0,24.002175463903267,23.997412068804422,29.606220174145836,14.31494701352401,0.25,0.0,1,22,8;9;12;20;22;40;41;44;47;48;52,9;13;16;17;47;48;51;52;55,,C39;C40;C41;C43;C49;C51;C52;O10;O12;O13;O2;O3;O9,573.4597256417081,0.5693998196703063,47,0,0
9_model_3_b3_d0,9_model_3,4,0.67,0.62,0.75,0.25,0.16,0.92,0.04,0.0,1.2345974955012122,0.9727377559348663,1.800643013138255,51.718978480389005,0.7696682252916983,21.503429168390795,0,10,0,32.902354475021994,25.17964568853184,33.744884901270595,17.287650679025187,0.05555555555555555,0.0,2,21;22,19;20;21;22;33;40;41;44;45;48,9;13;16;17;47;48;51;52;55,,C39;C40;C41;C43;C49;C51;C52;O10;O12;O13;O2;O3;O9,582.8140795671595,0.5758918076009303,45,0,0
9_model_4_b0_d0,9_model_4,0,0.74,0.72,0.79,0.58,0.6,0.76,0.0,0.0,2.630881175056171,1.52064463452316,0.7223679676606826,42.01896951047045,25.979741895441435,2.8866806196737453,11,8,3,5.232829922709126,3.484335948211653,14.985110777034649,18.576150785348403,0.15384615384615385,0.05714285714285714,1,25,25;26;44;47;48;51;52;55,10;17;22;50;51;54;55,C14;C3;C4;C44;C45;C46;C48;C5;C6;C9;O11;O4;O6;O7;O8,C1;C12;C13;C2;C3;C30;C32;C34;C40;C41;C42;C43;C51;C52;C8;O10;O11;O12;O13;O2;O3;O9,286.9762684046507,0.28372159596804586,38,1,0
9_model_4_b0_d0,9_model_4,1,0.7,0.69,0.76,0.48,0.5,0.79,0.0,0.0,2.745642946227049,1.5216398276454324,0.4138380122653456,45.49119612756149,27.21779151572104,3.0449257790626034,4,11,2,7.51342571667545,4.715751795843373,18.701533118971824,13.13475256714035,0.6363636363636364,0.0,2,21;22,10;13;14;17;21;22;50;51;52;54;55,10;17;22;50;51;54;55,C23;C44;C45;C46;C48;C5;C50,C1;C12;C13;C2;C3;C30;C32;C34;C40;C41;C42;C43;C51;C52;C8;O10;O11;O12;O13;O2;O3;O9,402.7559481013957,0.3859117249741448,47,0,0
9_model_4_b0_d0,9_model_4,2,0.68,0.66,0.75,0.45,0.5,0.76,0.0,0.0,2.5353243854397176,1.5028662663467844,0.6012621644336442,42.62615870122995,25.81394795275855,2.917855890889747,10,10,4,5.62267151805972,3.2940851537262965,13.928090357260036,19.340082006030897,0.21428571428571427,0.030303030303030304,1,25,24;25;26;44;47;48;51;52;54;55,10;17;22;50;51;54;55,C19;C20;C21;C3;C4;C45;C46;C48;C5;O4;O6;O8,C1;C12;C13;C2;C3;C30;C32;C34;C40;C41;C42;C43;C51;C52;C8;O10;O11;O12;O13;O2;O3;O9,302.03434087232705,0.29824346791943,42,0,0
9_model_4_b0_d0,9_model_4,3,0.71,0.69,0.77,0.47,0.55,0.79,0.0,0.0,2.5231903121858044,1.498347874085842,0.7444591500222447,43.09486085601895,25.775312000185558,2.44505153319925,10,10,3,3.9718183493206234,3.192973065968456,14.990336687346286,18.33828108084288,0.3076923076923077,0.125,2,22;25,22;24;25;26;44;48;51;52;54;55,10;17;22;50;51;54;55,C2;C21;C22;C3;C4;C45;C48;C5;O11;O3;O4;O6;O7;O8,C1;C12;C13;C2;C3;C30;C32;C34;C40;C41;C42;C43;C51;C52;C8;O10;O11;O12;O13;O2;O3;O9,270.7834526704977,0.2684932219463871,37,0,0
9_model_4_b0_d0,9_model_4,4,0.7,0.69,0.76,0.55,0.61,0.72,0.0,0.0,2.708962116014172,1.5364024888586136,0.49693296049982244,41.16311376295702,29.268949298223138,3.008253480011284,12,10,3,5.490284327792141,3.8542248247864315,14.94725988266746,17.37942893192984,0.21428571428571427,0.07692307692307693,0,,26;41;44;47;48;49;51;52;54;55,10;17;22;50;51;54;55,C10;C19;C21;C22;C43;C44;C45;C46;C48;C5;C50;C51;C52;C6;C9;O4;O5;O6;O7;O8,C1;C12;C13;C2;C3;C30;C32;C34;C40;C41;C42;C43;C51;C52;C8;O10;O11;O12;O13;O2;O3;O9,351.2360800572583,0.35069916179213817,35,0,0
9_model_4_b1_d0,9_model_4,0,0.52,0.48,0.65,0.29,0.35,0.57,0.0,0.0,2.5663250811072635,1.5101266248200116,3.47363098443398,40.972719399226214,33.81111444999935,2.9351994821476786,7,6,1,8.076162578848942,5.592187586267113,10.645878545239938,14.948761453712477,0.0,0.1,0,,1;4;5;7;8;11,10;17;22;50;51;54;55,C13;C16;C18;C19;C20;C22;C45;C50;C51;C52;O7,C1;C12;C13;C2;C3;C30;C32;C34;C40;C41;C42;C43;C51;C52;C8;O10;O11;O12;O13;O2;O3;O9,423.5922995769423,0.428677375171027,44,0,0
9_model_4_b1_d0,9_model_4,1,0.57,0.54,0.69,0.29,0.34,0.68,0.0,0.0,2.799945749672349,1.5757545140234084,4.107470970895277,45.951461749165446,24.78943057364035,3.23350429101308,6,5,1,4.799931874516554,8.795089425355492,21.612279148669167,22.65156266132648,0.09090909090909091,0.06666666666666667,0,,16;17;31;32;35,10;17;22;50;51;54;55,C12;C18;C20;C21;C22;C43;C45;C49;C50;O7,C1;C12;C13;C2;C3;C30;C32;C34;C40;C41;C42;C43;C51;C52;C8;O10;O11;O12;O13;O2;O3;O9,447.47463456965437,0.44879112686948913,47,0,0
9_model_4_b1_d0,9_model_4,2,0.63,0.6,0.72,0.37,0.47,0.72,0.01,0.0,2.6534000987774533,1.5658599277101992,2.3537958333027724,42.932205727452725,28.30513966172734,3.2446047525083843,7,8,1,4.6743530033577905,7.695625900470994,22.00543157949873,21.792964851070636,0.07142857142857142,0.18518518518518517,1,22,15;16;19;20;22;32;35;36,10;17;22;50;51;54;55,C13;C18;C19;C20;C41;C42;C47;C49;C52;O12,C1;C12;C13;C2;C3;C30;C32;C34;C40;C41;C42;C43;C51;C52;C8;O10;O11;O12;O13;O2;O3;O9,411.7106914413105,0.4025989153564312,43,0,0
9_model_4_b1_d0,9_model_4,3,0.65,0.63,0.74,0.44,0.48,0.71,0.0,0.0,2.702448202890565,1.578426013615001,3.763010435900855,45.47862013739733,30.560688393882444,3.378230305944223,6,9,0,10.19129888679554,5.342856445760076,20.529112913129005,18.532801569109836,0.06666666666666667,0.06896551724137931,0,,1;3;6;7;10;11;14;15;53,10;17;22;50;51;54;55,C18;C20;C21;C22;C24;C38;C45;C51;O12,C1;C12;C13;C2;C3;C30;C32;C34;C40;C41;C42;C43;C51;C52;C8;O10;O11;O12;O13;O2;O3;O9,546.6732500401401,0.5274282183030653,50,0,0
9_model_4_b1_d0,9_model_4,4,0.64,0.62,0.73,0.39,0.5,0.73,0.0,0.0,2.6551161278621622,1.543612044010583,3.8423083957898854,44.43450902133678,31.777886094893027,3.30804564660163,9,2,1,4.682146302712038,4.636837499848361,19.58599553252272,21.21448894034452,0.0,0.1935483870967742,0,,11;14,10;17;22;50;51;54;55,C12;C13;C17;C21;C22;C36;C38;C44;C47;C49;C50;C51;C52;O12;O9,C1;C12;C13;C2;C3;C30;C32;C34;C40;C41;C42;C43;C51;C52;C8;O10;O11;O12;O13;O2;O3;O9,332.49009197353274,0.328891600780544,38,0,0
9_model_4_b2_d0,9_model_4,0,0.7,0.67,0.79,0.36,0.32,0.93,0.0,0.0,1.391953769520268,0.870421252702406,0.333947208232502,42.32898404314227,0.41854579111505985,13.426290850417326,0,7,0,23.78449782946867,14.947992708052812,26.56379794005368,9.766617019213971,0.0,0.0,0,,27;30;34;35;37;38;40,10;17;22;50;51;54;55,,C1;C12;C13;C2;C3;C30;C32;C34;C40;C41;C42;C43;C51;C52;C8;O10;O11;O12;O13;O2;O3;O9,569.4022016499642,0.5695592198489441,44,0,1
9_model_4_b2_d0,9_model_4,1,0.71,0.68,0.79,0.36,0.25,0.94,0.0,0.0,1.2275075868008243,0.9324580751920801,0.41179544604768553,51.10472135433523,0.42853754992921844,19.484629506357052,0,10,0,30.63310970175898,24.682897621632673,28.49930311428685,16.409335330841404,0.4166666666666667,0.0,3,21;22;25,13;17;21;22;23;25;28;50;51;55,10;17;22;50;51;54;55,,C1;C12;C13;C2;C3;C30;C32;C34;C40;C41;C42;C43;C51;C52;C8;O10;O11;O12;O13;O2;O3;O9,592.5939622175398,0.5873341107224167,45,1,0
9_model_4_b2_d0,9_model_4,2,0.67,0.65,0.77,0.26,0.21,0.93,0.0,0.0,0.8948847228426536,0.7018258637148316,0.4212801926568994,53.559452566719585,0.365980356996971,20.429075089195788,0,8,0,30.370327986375123,25.293414854463602,30.31822781760174,16.533551100716384,0.6666666666666666,0.0,2,21;22,13;17;21;22;50;51;54;55,10;17;22;50;51;54;55,,C1;C12;C13;C2;C3;C30;C32;C34;C40;C41;C42;C43;C51;C52;C8;O10;O11;O12;O13;O2;O3;O9,591.0709704589569,0.5755359650072266,46,1,0
9_model_4_b2_d0,9_model_4,3,0.77,0.75,0.84,0.54,0.37,0.94,0.0,0.0,1.4574941633155336,0.7943716746931823,0.704084478284546,49.6901992699887,0.7191301567485187,15.473325531378187,0,14,0,28.2882656237529,17.80742230082726,28.552498419577926,13.084145291152954,0.4,0.0,3,21;22;25,10;13;14;17;21;22;23;24;25;28;29;51;54;55,10;17;22;50;51;54;55,,C1;C12;C13;C2;C3;C30;C32;C34;C40;C41;C42;C43;C51;C52;C8;O10;O11;O12;O13;O2;O3;O9,585.1881287756,0.5781566260678711,47,0,0
9_model_4_b2_d0,9_model_4,4,0.7,0.68,0.79,0.39,0.25,0.93,0.0,0.0,1.0494068015097886,0.8143152946510205,0.7145663772544574,51.0725323809845,0.5791234208899485,21.651603404828936,0,12,0,32.749131301455925,26.57981497302041,29.250259639873285,18.325053724341437,0.5833333333333334,0.0,3,21;22;25,10;13;17;21;22;25;29;44;50;51;54;55,10;17;22;50;51;54;55,,C1;C12;C13;C2;C3;C30;C32;C34;C40;C41;C42;C43;C51;C52;C8;O10;O11;O12;O13;O2;O3;O9,572.7505111001603,0.5650078883026266,44,0,0
9_model_4_b3_d0,9_model_4,0,0.53,0.5,0.66,0.26,0.16,0.67,0.0,0.0,2.6002445718622393,1.522165612653,3.953110323590502,36.054710388730875,9.07993964758022,10.0509758730185,0,16,0,14.085344049756115,22.34648028213839,14.049689569524304,16.347412608728025,0.2777777777777778,0.0,1,22,12;16;22;26;30;37;40;43;44;47;48;50;51;52;54;55,10;17;22;50;51;54;55,,C1;C12;C13;C2;C3;C30;C32;C34;C40;C41;C42;C43;C51;C52;C8;O10;O11;O12;O13;O2;O3;O9,636.2151856521443,0.6471481242937436,51,0,0
9_model_4_b3_d0,9_model_4,1,0.47,0.43,0.6,0.21,0.23,0.54,0.0,0.0,2.776527589316533,1.58717422499887,6.273557236228166,40.9423681495159,32.201711445928616,2.9518382408255377,7,5,1,8.009768910524198,5.092334729767869,15.46280715135515,17.90936182559278,0.0,0.16666666666666666,0,,36;38;42;45;46,10;17;22;50;51;54;55,C13;C15;C18;C19;C20;C22;C38;C39;C45;C51;C52;O12;O13,C1;C12;C13;C2;C3;C30;C32;C34;C40;C41;C42;C43;C51;C52;C8;O10;O11;O12;O13;O2;O3;O9,351.57568622311135,0.34553027331241926,37,0,0
9_model_4_b3_d0,9_model_4,2,0.52,0.49,0.66,0.21,0.13,0.66,0.0,0.0,2.651139561107861,1.535041287809849,2.792786944361987,37.65846429849814,8.937624129672129,10.913511075726271,0,14,0,15.59508826521992,22.41071910939049,15.752636890374895,14.780839150738364,0.16666666666666666,0.0,2,22;25,16;19;20;22;25;26;30;40;44;47;48;51;52;55,10;17;22;50;51;54;55,,C1;C12;C13;C2;C3;C30;C32;C34;C40;C41;C42;C43;C51;C52;C8;O10;O11;O12;O13;O2;O3;O9,660.5416894861964,0.6623660413556869,55,0,0
9_model_4_b3_d0,9_model_4,3,0.44,0.4,0.59,0.22,0.28,0.49,0.0,0.0,2.5949388495140115,1.5153933269371223,6.349959378604188,41.08361315756859,33.26117426461316,3.006382044917114,8,9,1,6.107367763611424,5.6979326952851945,15.376006601195254,16.45104923705476,0.0,0.16129032258064516,0,,36;37;38;39;42;45;46;49;52,10;17;22;50;51;54;55,C12;C16;C17;C18;C21;C22;C36;C38;C43;C45;C50;C51;C52;O12,C1;C12;C13;C2;C3;C30;C32;C34;C40;C41;C42;C43;C51;C52;C8;O10;O11;O12;O13;O2;O3;O9,328.34664542271315,0.321457689693956,37,0,0
9_model_4_b3_d0,9_model_4,4,0.51,0.48,0.63,0.29,0.38,0.55,0.0,0.0,2.5913277564968915,1.5209866219223402,6.761985344100615,40.93929677531353,33.78611415131764,3.2490492455486115,8,8,0,7.219966758926249,5.96452957072056,15.280904750701119,16.741354813753873,0.0,0.125,0,,36;37;39;41;42;45;46;53,10;17;22;50;51;54;55,C12;C16;C24;C36;C38;C43;C45;C47;C49;C50;C51;C52;O6;O7,C1;C12;C13;C2;C3;C30;C32;C34;C40;C41;C42;C43;C51;C52;C8;O10;O11;O12;O13;O2;O3;O9,287.1740316621942,0.28008032351237816,32,0,0
